-- Lorem ipsum put some dolor sit random data consectetur over here
-- Dont show any errors when script gets executed multiple times

-- MITARBEITER
insert into MITARBEITER (MITARBEITER_ID, MITARBEITER_VORNAME, MITARBEITER_NAME, MITARBEITER_TYP, MITARBEITER_EINSTELLDATUM) values (1, 'Allix', 'Tumilson', 'LOKFUEHRER', '21-04-2018');
insert into MITARBEITER (MITARBEITER_ID, MITARBEITER_VORNAME, MITARBEITER_NAME, MITARBEITER_TYP, MITARBEITER_EINSTELLDATUM) values (2, 'Tootsie', 'Buckleigh', 'KELLNER', '21-04-2018');
insert into MITARBEITER (MITARBEITER_ID, MITARBEITER_VORNAME, MITARBEITER_NAME, MITARBEITER_TYP, MITARBEITER_EINSTELLDATUM) values (3, 'Rooney', 'Hillborne', 'KELLNER', '21-04-2018');
insert into MITARBEITER (MITARBEITER_ID, MITARBEITER_VORNAME, MITARBEITER_NAME, MITARBEITER_TYP, MITARBEITER_EINSTELLDATUM) values (4, 'Mychal', 'Alliston', 'KELLNER', '21-04-2018');
insert into MITARBEITER (MITARBEITER_ID, MITARBEITER_VORNAME, MITARBEITER_NAME, MITARBEITER_TYP, MITARBEITER_EINSTELLDATUM) values (5, 'Clare', 'Aslie', 'LOKFUEHRER', '21-04-2018');
insert into MITARBEITER (MITARBEITER_ID, MITARBEITER_VORNAME, MITARBEITER_NAME, MITARBEITER_TYP, MITARBEITER_EINSTELLDATUM) values (6, 'Daren', 'MacFall', 'KELLNER', '21-04-2018');
insert into MITARBEITER (MITARBEITER_ID, MITARBEITER_VORNAME, MITARBEITER_NAME, MITARBEITER_TYP, MITARBEITER_EINSTELLDATUM) values (7, 'Garik', 'Cribbins', 'LOKFUEHRER', '21-04-2018');
insert into MITARBEITER (MITARBEITER_ID, MITARBEITER_VORNAME, MITARBEITER_NAME, MITARBEITER_TYP, MITARBEITER_EINSTELLDATUM) values (8, 'Deeann', 'Fessby', 'KELLNER', '21-04-2018');
insert into MITARBEITER (MITARBEITER_ID, MITARBEITER_VORNAME, MITARBEITER_NAME, MITARBEITER_TYP, MITARBEITER_EINSTELLDATUM) values (9, 'Elora', 'Basten', 'KELLNER', '21-04-2018');
insert into MITARBEITER (MITARBEITER_ID, MITARBEITER_VORNAME, MITARBEITER_NAME, MITARBEITER_TYP, MITARBEITER_EINSTELLDATUM) values (10, 'Ira', 'Halse', 'KELLNER', '21-04-2018');
insert into MITARBEITER (MITARBEITER_ID, MITARBEITER_VORNAME, MITARBEITER_NAME, MITARBEITER_TYP, MITARBEITER_EINSTELLDATUM) values (11, 'Willard', 'Sevior', 'KELLNER', '21-04-2018');
insert into MITARBEITER (MITARBEITER_ID, MITARBEITER_VORNAME, MITARBEITER_NAME, MITARBEITER_TYP, MITARBEITER_EINSTELLDATUM) values (12, 'Marcellus', 'Iorio', 'LOKFUEHRER', '21-04-2018');
insert into MITARBEITER (MITARBEITER_ID, MITARBEITER_VORNAME, MITARBEITER_NAME, MITARBEITER_TYP, MITARBEITER_EINSTELLDATUM) values (13, 'Sophi', 'Farrand', 'LOKFUEHRER', '21-04-2018');
insert into MITARBEITER (MITARBEITER_ID, MITARBEITER_VORNAME, MITARBEITER_NAME, MITARBEITER_TYP, MITARBEITER_EINSTELLDATUM) values (14, 'Kay', 'Casillis', 'KELLNER', '21-04-2018');
insert into MITARBEITER (MITARBEITER_ID, MITARBEITER_VORNAME, MITARBEITER_NAME, MITARBEITER_TYP, MITARBEITER_EINSTELLDATUM) values (15, 'Maritsa', 'Lowis', 'KELLNER', '21-04-2018');
insert into MITARBEITER (MITARBEITER_ID, MITARBEITER_VORNAME, MITARBEITER_NAME, MITARBEITER_TYP, MITARBEITER_EINSTELLDATUM) values (16, 'Karlie', 'Bownas', 'KELLNER', '21-04-2018');
insert into MITARBEITER (MITARBEITER_ID, MITARBEITER_VORNAME, MITARBEITER_NAME, MITARBEITER_TYP, MITARBEITER_EINSTELLDATUM) values (17, 'Linette', 'Formilli', 'KELLNER', '21-04-2018');
insert into MITARBEITER (MITARBEITER_ID, MITARBEITER_VORNAME, MITARBEITER_NAME, MITARBEITER_TYP, MITARBEITER_EINSTELLDATUM) values (18, 'Marshal', 'Tissell', 'LOKFUEHRER', '21-04-2018');
insert into MITARBEITER (MITARBEITER_ID, MITARBEITER_VORNAME, MITARBEITER_NAME, MITARBEITER_TYP, MITARBEITER_EINSTELLDATUM) values (19, 'Marcile', 'Koch', 'KELLNER', '21-04-2018');
insert into MITARBEITER (MITARBEITER_ID, MITARBEITER_VORNAME, MITARBEITER_NAME, MITARBEITER_TYP, MITARBEITER_EINSTELLDATUM) values (20, 'Kendall', 'Attridge', 'KELLNER', '21-04-2018');
insert into MITARBEITER (MITARBEITER_ID, MITARBEITER_VORNAME, MITARBEITER_NAME, MITARBEITER_TYP, MITARBEITER_EINSTELLDATUM) values (21, 'Pincus', 'Splevin', 'LOKFUEHRER', '21-04-2018');
insert into MITARBEITER (MITARBEITER_ID, MITARBEITER_VORNAME, MITARBEITER_NAME, MITARBEITER_TYP, MITARBEITER_EINSTELLDATUM) values (22, 'Hugo', 'Peck', 'LOKFUEHRER', '21-04-2018');
insert into MITARBEITER (MITARBEITER_ID, MITARBEITER_VORNAME, MITARBEITER_NAME, MITARBEITER_TYP, MITARBEITER_EINSTELLDATUM) values (23, 'Annissa', 'Edowes', 'LOKFUEHRER', '21-04-2018');
insert into MITARBEITER (MITARBEITER_ID, MITARBEITER_VORNAME, MITARBEITER_NAME, MITARBEITER_TYP, MITARBEITER_EINSTELLDATUM) values (24, 'Jackelyn', 'Draco', 'KELLNER', '21-04-2018');
insert into MITARBEITER (MITARBEITER_ID, MITARBEITER_VORNAME, MITARBEITER_NAME, MITARBEITER_TYP, MITARBEITER_EINSTELLDATUM) values (25, 'Kinnie', 'Broz', 'KELLNER', '21-04-2018');
insert into MITARBEITER (MITARBEITER_ID, MITARBEITER_VORNAME, MITARBEITER_NAME, MITARBEITER_TYP, MITARBEITER_EINSTELLDATUM) values (26, 'Thorin', 'Gotliffe', 'LOKFUEHRER', '21-04-2018');
insert into MITARBEITER (MITARBEITER_ID, MITARBEITER_VORNAME, MITARBEITER_NAME, MITARBEITER_TYP, MITARBEITER_EINSTELLDATUM) values (27, 'Cathee', 'Klagges', 'LOKFUEHRER', '21-04-2018');
insert into MITARBEITER (MITARBEITER_ID, MITARBEITER_VORNAME, MITARBEITER_NAME, MITARBEITER_TYP, MITARBEITER_EINSTELLDATUM) values (28, 'Ebeneser', 'Gorghetto', 'KELLNER', '21-04-2018');
insert into MITARBEITER (MITARBEITER_ID, MITARBEITER_VORNAME, MITARBEITER_NAME, MITARBEITER_TYP, MITARBEITER_EINSTELLDATUM) values (29, 'Zelda', 'Cubbon', 'KELLNER', '21-04-2018');
insert into MITARBEITER (MITARBEITER_ID, MITARBEITER_VORNAME, MITARBEITER_NAME, MITARBEITER_TYP, MITARBEITER_EINSTELLDATUM) values (30, 'Keri', 'Guitton', 'LOKFUEHRER', '21-04-2018');
insert into MITARBEITER (MITARBEITER_ID, MITARBEITER_VORNAME, MITARBEITER_NAME, MITARBEITER_TYP, MITARBEITER_EINSTELLDATUM) values (31, 'Jethro', 'Gonzales', 'KELLNER', '21-04-2018');
insert into MITARBEITER (MITARBEITER_ID, MITARBEITER_VORNAME, MITARBEITER_NAME, MITARBEITER_TYP, MITARBEITER_EINSTELLDATUM) values (32, 'Alameda', 'Banfill', 'LOKFUEHRER', '21-04-2018');
insert into MITARBEITER (MITARBEITER_ID, MITARBEITER_VORNAME, MITARBEITER_NAME, MITARBEITER_TYP, MITARBEITER_EINSTELLDATUM) values (33, 'Dew', 'Kemson', 'KELLNER', '21-04-2018');
insert into MITARBEITER (MITARBEITER_ID, MITARBEITER_VORNAME, MITARBEITER_NAME, MITARBEITER_TYP, MITARBEITER_EINSTELLDATUM) values (34, 'Issy', 'Sheach', 'LOKFUEHRER', '21-04-2018');
insert into MITARBEITER (MITARBEITER_ID, MITARBEITER_VORNAME, MITARBEITER_NAME, MITARBEITER_TYP, MITARBEITER_EINSTELLDATUM) values (35, 'Ernesto', 'Possek', 'KELLNER', '21-04-2018');
insert into MITARBEITER (MITARBEITER_ID, MITARBEITER_VORNAME, MITARBEITER_NAME, MITARBEITER_TYP, MITARBEITER_EINSTELLDATUM) values (36, 'Maxine', 'Espada', 'KELLNER', '21-04-2018');
insert into MITARBEITER (MITARBEITER_ID, MITARBEITER_VORNAME, MITARBEITER_NAME, MITARBEITER_TYP, MITARBEITER_EINSTELLDATUM) values (37, 'Monro', 'Aldcorn', 'LOKFUEHRER', '21-04-2018');
insert into MITARBEITER (MITARBEITER_ID, MITARBEITER_VORNAME, MITARBEITER_NAME, MITARBEITER_TYP, MITARBEITER_EINSTELLDATUM) values (38, 'Noland', 'Frudd', 'KELLNER', '21-04-2018');
insert into MITARBEITER (MITARBEITER_ID, MITARBEITER_VORNAME, MITARBEITER_NAME, MITARBEITER_TYP, MITARBEITER_EINSTELLDATUM) values (39, 'Sayre', 'Juan', 'KELLNER', '21-04-2018');
insert into MITARBEITER (MITARBEITER_ID, MITARBEITER_VORNAME, MITARBEITER_NAME, MITARBEITER_TYP, MITARBEITER_EINSTELLDATUM) values (40, 'Kevina', 'Trappe', 'LOKFUEHRER', '21-04-2018');
insert into MITARBEITER (MITARBEITER_ID, MITARBEITER_VORNAME, MITARBEITER_NAME, MITARBEITER_TYP, MITARBEITER_EINSTELLDATUM) values (41, 'Courtnay', 'Huriche', 'KELLNER', '21-04-2018');
insert into MITARBEITER (MITARBEITER_ID, MITARBEITER_VORNAME, MITARBEITER_NAME, MITARBEITER_TYP, MITARBEITER_EINSTELLDATUM) values (42, 'Jameson', 'Swansbury', 'LOKFUEHRER', '21-04-2018');
insert into MITARBEITER (MITARBEITER_ID, MITARBEITER_VORNAME, MITARBEITER_NAME, MITARBEITER_TYP, MITARBEITER_EINSTELLDATUM) values (43, 'Tiffie', 'Chidler', 'KELLNER', '21-04-2018');
insert into MITARBEITER (MITARBEITER_ID, MITARBEITER_VORNAME, MITARBEITER_NAME, MITARBEITER_TYP, MITARBEITER_EINSTELLDATUM) values (44, 'Silvain', 'Gorini', 'LOKFUEHRER', '21-04-2018');
insert into MITARBEITER (MITARBEITER_ID, MITARBEITER_VORNAME, MITARBEITER_NAME, MITARBEITER_TYP, MITARBEITER_EINSTELLDATUM) values (45, 'Laurent', 'Vine', 'LOKFUEHRER', '21-04-2018');
insert into MITARBEITER (MITARBEITER_ID, MITARBEITER_VORNAME, MITARBEITER_NAME, MITARBEITER_TYP, MITARBEITER_EINSTELLDATUM) values (46, 'Woodman', 'Belden', 'KELLNER', '21-04-2018');
insert into MITARBEITER (MITARBEITER_ID, MITARBEITER_VORNAME, MITARBEITER_NAME, MITARBEITER_TYP, MITARBEITER_EINSTELLDATUM) values (47, 'Krysta', 'Thorndycraft', 'LOKFUEHRER', '21-04-2018');
insert into MITARBEITER (MITARBEITER_ID, MITARBEITER_VORNAME, MITARBEITER_NAME, MITARBEITER_TYP, MITARBEITER_EINSTELLDATUM) values (48, 'Pearl', 'Whitwell', 'KELLNER', '21-04-2018');
insert into MITARBEITER (MITARBEITER_ID, MITARBEITER_VORNAME, MITARBEITER_NAME, MITARBEITER_TYP, MITARBEITER_EINSTELLDATUM) values (49, 'Fianna', 'Sobey', 'KELLNER', '21-04-2018');
insert into MITARBEITER (MITARBEITER_ID, MITARBEITER_VORNAME, MITARBEITER_NAME, MITARBEITER_TYP, MITARBEITER_EINSTELLDATUM) values (50, 'Staffard', 'Blose', 'LOKFUEHRER', '21-04-2018');
insert into MITARBEITER (MITARBEITER_ID, MITARBEITER_VORNAME, MITARBEITER_NAME, MITARBEITER_TYP, MITARBEITER_EINSTELLDATUM) values (51, 'Redford', 'Greader', 'KELLNER', '21-04-2018');
insert into MITARBEITER (MITARBEITER_ID, MITARBEITER_VORNAME, MITARBEITER_NAME, MITARBEITER_TYP, MITARBEITER_EINSTELLDATUM) values (52, 'Salvatore', 'Morgen', 'KELLNER', '21-04-2018');
insert into MITARBEITER (MITARBEITER_ID, MITARBEITER_VORNAME, MITARBEITER_NAME, MITARBEITER_TYP, MITARBEITER_EINSTELLDATUM) values (53, 'Ninette', 'Vitte', 'KELLNER', '21-04-2018');
insert into MITARBEITER (MITARBEITER_ID, MITARBEITER_VORNAME, MITARBEITER_NAME, MITARBEITER_TYP, MITARBEITER_EINSTELLDATUM) values (54, 'Darcie', 'Kearton', 'LOKFUEHRER', '21-04-2018');
insert into MITARBEITER (MITARBEITER_ID, MITARBEITER_VORNAME, MITARBEITER_NAME, MITARBEITER_TYP, MITARBEITER_EINSTELLDATUM) values (55, 'Lolita', 'McGready', 'KELLNER', '21-04-2018');
insert into MITARBEITER (MITARBEITER_ID, MITARBEITER_VORNAME, MITARBEITER_NAME, MITARBEITER_TYP, MITARBEITER_EINSTELLDATUM) values (56, 'Maitilde', 'Pacheco', 'KELLNER', '21-04-2018');
insert into MITARBEITER (MITARBEITER_ID, MITARBEITER_VORNAME, MITARBEITER_NAME, MITARBEITER_TYP, MITARBEITER_EINSTELLDATUM) values (57, 'Stefanie', 'Franckton', 'LOKFUEHRER', '21-04-2018');
insert into MITARBEITER (MITARBEITER_ID, MITARBEITER_VORNAME, MITARBEITER_NAME, MITARBEITER_TYP, MITARBEITER_EINSTELLDATUM) values (58, 'Filide', 'Mirrlees', 'LOKFUEHRER', '21-04-2018');
insert into MITARBEITER (MITARBEITER_ID, MITARBEITER_VORNAME, MITARBEITER_NAME, MITARBEITER_TYP, MITARBEITER_EINSTELLDATUM) values (59, 'Melonie', 'Nottle', 'KELLNER', '21-04-2018');
insert into MITARBEITER (MITARBEITER_ID, MITARBEITER_VORNAME, MITARBEITER_NAME, MITARBEITER_TYP, MITARBEITER_EINSTELLDATUM) values (60, 'Kerrill', 'Rosterne', 'LOKFUEHRER', '21-04-2018');
insert into MITARBEITER (MITARBEITER_ID, MITARBEITER_VORNAME, MITARBEITER_NAME, MITARBEITER_TYP, MITARBEITER_EINSTELLDATUM) values (61, 'Ozzie', 'Beuscher', 'LOKFUEHRER', '21-04-2018');
insert into MITARBEITER (MITARBEITER_ID, MITARBEITER_VORNAME, MITARBEITER_NAME, MITARBEITER_TYP, MITARBEITER_EINSTELLDATUM) values (62, 'Rubia', 'Hele', 'KELLNER', '21-04-2018');
insert into MITARBEITER (MITARBEITER_ID, MITARBEITER_VORNAME, MITARBEITER_NAME, MITARBEITER_TYP, MITARBEITER_EINSTELLDATUM) values (63, 'Elyssa', 'Trimming', 'KELLNER', '21-04-2018');
insert into MITARBEITER (MITARBEITER_ID, MITARBEITER_VORNAME, MITARBEITER_NAME, MITARBEITER_TYP, MITARBEITER_EINSTELLDATUM) values (64, 'Laina', 'Cuer', 'KELLNER', '21-04-2018');
insert into MITARBEITER (MITARBEITER_ID, MITARBEITER_VORNAME, MITARBEITER_NAME, MITARBEITER_TYP, MITARBEITER_EINSTELLDATUM) values (65, 'Dominga', 'Jennison', 'KELLNER', '21-04-2018');
insert into MITARBEITER (MITARBEITER_ID, MITARBEITER_VORNAME, MITARBEITER_NAME, MITARBEITER_TYP, MITARBEITER_EINSTELLDATUM) values (66, 'Cristabel', 'Westbury', 'LOKFUEHRER', '21-04-2018');
insert into MITARBEITER (MITARBEITER_ID, MITARBEITER_VORNAME, MITARBEITER_NAME, MITARBEITER_TYP, MITARBEITER_EINSTELLDATUM) values (67, 'Sydney', 'Chave', 'LOKFUEHRER', '21-04-2018');
insert into MITARBEITER (MITARBEITER_ID, MITARBEITER_VORNAME, MITARBEITER_NAME, MITARBEITER_TYP, MITARBEITER_EINSTELLDATUM) values (68, 'Andre', 'Wyldbore', 'KELLNER', '21-04-2018');
insert into MITARBEITER (MITARBEITER_ID, MITARBEITER_VORNAME, MITARBEITER_NAME, MITARBEITER_TYP, MITARBEITER_EINSTELLDATUM) values (69, 'Ransom', 'McCarrick', 'LOKFUEHRER', '21-04-2018');
insert into MITARBEITER (MITARBEITER_ID, MITARBEITER_VORNAME, MITARBEITER_NAME, MITARBEITER_TYP, MITARBEITER_EINSTELLDATUM) values (70, 'Amanda', 'Di Pietro', 'LOKFUEHRER', '21-04-2018');
insert into MITARBEITER (MITARBEITER_ID, MITARBEITER_VORNAME, MITARBEITER_NAME, MITARBEITER_TYP, MITARBEITER_EINSTELLDATUM) values (71, 'Jessalyn', 'Rotham', 'KELLNER', '21-04-2018');
insert into MITARBEITER (MITARBEITER_ID, MITARBEITER_VORNAME, MITARBEITER_NAME, MITARBEITER_TYP, MITARBEITER_EINSTELLDATUM) values (72, 'Darn', 'Speddin', 'KELLNER', '21-04-2018');
insert into MITARBEITER (MITARBEITER_ID, MITARBEITER_VORNAME, MITARBEITER_NAME, MITARBEITER_TYP, MITARBEITER_EINSTELLDATUM) values (73, 'Beaufort', 'Stainson', 'KELLNER', '21-04-2018');
insert into MITARBEITER (MITARBEITER_ID, MITARBEITER_VORNAME, MITARBEITER_NAME, MITARBEITER_TYP, MITARBEITER_EINSTELLDATUM) values (74, 'Claudie', 'Girard', 'KELLNER', '21-04-2018');
insert into MITARBEITER (MITARBEITER_ID, MITARBEITER_VORNAME, MITARBEITER_NAME, MITARBEITER_TYP, MITARBEITER_EINSTELLDATUM) values (75, 'Benito', 'Godfrey', 'KELLNER', '21-04-2018');
insert into MITARBEITER (MITARBEITER_ID, MITARBEITER_VORNAME, MITARBEITER_NAME, MITARBEITER_TYP, MITARBEITER_EINSTELLDATUM) values (76, 'Rikki', 'Turban', 'KELLNER', '21-04-2018');
insert into MITARBEITER (MITARBEITER_ID, MITARBEITER_VORNAME, MITARBEITER_NAME, MITARBEITER_TYP, MITARBEITER_EINSTELLDATUM) values (77, 'Malissia', 'Baselli', 'KELLNER', '21-04-2018');
insert into MITARBEITER (MITARBEITER_ID, MITARBEITER_VORNAME, MITARBEITER_NAME, MITARBEITER_TYP, MITARBEITER_EINSTELLDATUM) values (78, 'Madelaine', 'Grece', 'LOKFUEHRER', '21-04-2018');
insert into MITARBEITER (MITARBEITER_ID, MITARBEITER_VORNAME, MITARBEITER_NAME, MITARBEITER_TYP, MITARBEITER_EINSTELLDATUM) values (79, 'Papageno', 'Stidson', 'LOKFUEHRER', '21-04-2018');
insert into MITARBEITER (MITARBEITER_ID, MITARBEITER_VORNAME, MITARBEITER_NAME, MITARBEITER_TYP, MITARBEITER_EINSTELLDATUM) values (80, 'Burke', 'Maryin', 'LOKFUEHRER', '21-04-2018');
insert into MITARBEITER (MITARBEITER_ID, MITARBEITER_VORNAME, MITARBEITER_NAME, MITARBEITER_TYP, MITARBEITER_EINSTELLDATUM) values (81, 'Joey', 'Kinavan', 'KELLNER', '21-04-2018');
insert into MITARBEITER (MITARBEITER_ID, MITARBEITER_VORNAME, MITARBEITER_NAME, MITARBEITER_TYP, MITARBEITER_EINSTELLDATUM) values (82, 'Amberly', 'McGenis', 'LOKFUEHRER', '21-04-2018');
insert into MITARBEITER (MITARBEITER_ID, MITARBEITER_VORNAME, MITARBEITER_NAME, MITARBEITER_TYP, MITARBEITER_EINSTELLDATUM) values (83, 'Clim', 'Callear', 'LOKFUEHRER', '21-04-2018');
insert into MITARBEITER (MITARBEITER_ID, MITARBEITER_VORNAME, MITARBEITER_NAME, MITARBEITER_TYP, MITARBEITER_EINSTELLDATUM) values (84, 'Samantha', 'Mangam', 'LOKFUEHRER', '21-04-2018');
insert into MITARBEITER (MITARBEITER_ID, MITARBEITER_VORNAME, MITARBEITER_NAME, MITARBEITER_TYP, MITARBEITER_EINSTELLDATUM) values (85, 'Loella', 'Nehls', 'KELLNER', '21-04-2018');
insert into MITARBEITER (MITARBEITER_ID, MITARBEITER_VORNAME, MITARBEITER_NAME, MITARBEITER_TYP, MITARBEITER_EINSTELLDATUM) values (86, 'Elysha', 'Thickpenny', 'LOKFUEHRER', '21-04-2018');
insert into MITARBEITER (MITARBEITER_ID, MITARBEITER_VORNAME, MITARBEITER_NAME, MITARBEITER_TYP, MITARBEITER_EINSTELLDATUM) values (87, 'Alphard', 'Ravel', 'KELLNER', '21-04-2018');
insert into MITARBEITER (MITARBEITER_ID, MITARBEITER_VORNAME, MITARBEITER_NAME, MITARBEITER_TYP, MITARBEITER_EINSTELLDATUM) values (88, 'Lindi', 'Glyne', 'LOKFUEHRER', '21-04-2018');
insert into MITARBEITER (MITARBEITER_ID, MITARBEITER_VORNAME, MITARBEITER_NAME, MITARBEITER_TYP, MITARBEITER_EINSTELLDATUM) values (89, 'Mathilde', 'Aronow', 'LOKFUEHRER', '21-04-2018');
insert into MITARBEITER (MITARBEITER_ID, MITARBEITER_VORNAME, MITARBEITER_NAME, MITARBEITER_TYP, MITARBEITER_EINSTELLDATUM) values (90, 'Kellia', 'Bootland', 'LOKFUEHRER', '21-04-2018');
insert into MITARBEITER (MITARBEITER_ID, MITARBEITER_VORNAME, MITARBEITER_NAME, MITARBEITER_TYP, MITARBEITER_EINSTELLDATUM) values (91, 'Fay', 'Melmeth', 'LOKFUEHRER', '21-04-2018');
insert into MITARBEITER (MITARBEITER_ID, MITARBEITER_VORNAME, MITARBEITER_NAME, MITARBEITER_TYP, MITARBEITER_EINSTELLDATUM) values (92, 'Ted', 'Chasteney', 'KELLNER', '21-04-2018');
insert into MITARBEITER (MITARBEITER_ID, MITARBEITER_VORNAME, MITARBEITER_NAME, MITARBEITER_TYP, MITARBEITER_EINSTELLDATUM) values (93, 'Patty', 'Jakab', 'KELLNER', '21-04-2018');
insert into MITARBEITER (MITARBEITER_ID, MITARBEITER_VORNAME, MITARBEITER_NAME, MITARBEITER_TYP, MITARBEITER_EINSTELLDATUM) values (94, 'Simeon', 'Kelledy', 'KELLNER', '21-04-2018');
insert into MITARBEITER (MITARBEITER_ID, MITARBEITER_VORNAME, MITARBEITER_NAME, MITARBEITER_TYP, MITARBEITER_EINSTELLDATUM) values (95, 'Alexandra', 'Delia', 'LOKFUEHRER', '21-04-2018');
insert into MITARBEITER (MITARBEITER_ID, MITARBEITER_VORNAME, MITARBEITER_NAME, MITARBEITER_TYP, MITARBEITER_EINSTELLDATUM) values (96, 'Fey', 'Tarrier', 'KELLNER', '21-04-2018');
insert into MITARBEITER (MITARBEITER_ID, MITARBEITER_VORNAME, MITARBEITER_NAME, MITARBEITER_TYP, MITARBEITER_EINSTELLDATUM) values (97, 'Wendi', 'Goman', 'KELLNER', '21-04-2018');
insert into MITARBEITER (MITARBEITER_ID, MITARBEITER_VORNAME, MITARBEITER_NAME, MITARBEITER_TYP, MITARBEITER_EINSTELLDATUM) values (98, 'Hildy', 'Haselwood', 'LOKFUEHRER', '21-04-2018');
insert into MITARBEITER (MITARBEITER_ID, MITARBEITER_VORNAME, MITARBEITER_NAME, MITARBEITER_TYP, MITARBEITER_EINSTELLDATUM) values (99, 'Isahella', 'Fessby', 'LOKFUEHRER', '21-04-2018');
insert into MITARBEITER (MITARBEITER_ID, MITARBEITER_VORNAME, MITARBEITER_NAME, MITARBEITER_TYP, MITARBEITER_EINSTELLDATUM) values (100, 'Ebenezer', 'Winfindale', 'KELLNER', '21-04-2018');

-- ZUG
insert into ZUG (ZUG_ID, ZUG_TYP) values (1, 'SBAHN');
insert into ZUG (ZUG_ID, ZUG_TYP) values (2, 'IC');
insert into ZUG (ZUG_ID, ZUG_TYP) values (3, 'SBAHN');
insert into ZUG (ZUG_ID, ZUG_TYP) values (4, 'ICE');
insert into ZUG (ZUG_ID, ZUG_TYP) values (5, 'IC');
insert into ZUG (ZUG_ID, ZUG_TYP) values (6, 'IC');
insert into ZUG (ZUG_ID, ZUG_TYP) values (7, 'ICE');
insert into ZUG (ZUG_ID, ZUG_TYP) values (8, 'ICE');
insert into ZUG (ZUG_ID, ZUG_TYP) values (9, 'IC');
insert into ZUG (ZUG_ID, ZUG_TYP) values (10, 'IC');
insert into ZUG (ZUG_ID, ZUG_TYP) values (11, 'ICE');
insert into ZUG (ZUG_ID, ZUG_TYP) values (12, 'IC');
insert into ZUG (ZUG_ID, ZUG_TYP) values (13, 'ICE');
insert into ZUG (ZUG_ID, ZUG_TYP) values (14, 'SBAHN');
insert into ZUG (ZUG_ID, ZUG_TYP) values (15, 'IC');
insert into ZUG (ZUG_ID, ZUG_TYP) values (16, 'IC');
insert into ZUG (ZUG_ID, ZUG_TYP) values (17, 'ICE');
insert into ZUG (ZUG_ID, ZUG_TYP) values (18, 'SBAHN');
insert into ZUG (ZUG_ID, ZUG_TYP) values (19, 'IC');
insert into ZUG (ZUG_ID, ZUG_TYP) values (20, 'SBAHN');
insert into ZUG (ZUG_ID, ZUG_TYP) values (21, 'SBAHN');
insert into ZUG (ZUG_ID, ZUG_TYP) values (22, 'IC');
insert into ZUG (ZUG_ID, ZUG_TYP) values (23, 'ICE');
insert into ZUG (ZUG_ID, ZUG_TYP) values (24, 'IC');
insert into ZUG (ZUG_ID, ZUG_TYP) values (25, 'SBAHN');
insert into ZUG (ZUG_ID, ZUG_TYP) values (26, 'ICE');
insert into ZUG (ZUG_ID, ZUG_TYP) values (27, 'IC');
insert into ZUG (ZUG_ID, ZUG_TYP) values (28, 'IC');
insert into ZUG (ZUG_ID, ZUG_TYP) values (29, 'ICE');
insert into ZUG (ZUG_ID, ZUG_TYP) values (30, 'IC');
insert into ZUG (ZUG_ID, ZUG_TYP) values (31, 'IC');
insert into ZUG (ZUG_ID, ZUG_TYP) values (32, 'IC');
insert into ZUG (ZUG_ID, ZUG_TYP) values (33, 'ICE');
insert into ZUG (ZUG_ID, ZUG_TYP) values (34, 'SBAHN');
insert into ZUG (ZUG_ID, ZUG_TYP) values (35, 'IC');
insert into ZUG (ZUG_ID, ZUG_TYP) values (36, 'ICE');
insert into ZUG (ZUG_ID, ZUG_TYP) values (37, 'ICE');
insert into ZUG (ZUG_ID, ZUG_TYP) values (38, 'IC');
insert into ZUG (ZUG_ID, ZUG_TYP) values (39, 'SBAHN');
insert into ZUG (ZUG_ID, ZUG_TYP) values (40, 'IC');
insert into ZUG (ZUG_ID, ZUG_TYP) values (41, 'IC');
insert into ZUG (ZUG_ID, ZUG_TYP) values (42, 'SBAHN');
insert into ZUG (ZUG_ID, ZUG_TYP) values (43, 'ICE');
insert into ZUG (ZUG_ID, ZUG_TYP) values (44, 'SBAHN');
insert into ZUG (ZUG_ID, ZUG_TYP) values (45, 'IC');
insert into ZUG (ZUG_ID, ZUG_TYP) values (46, 'IC');
insert into ZUG (ZUG_ID, ZUG_TYP) values (47, 'SBAHN');
insert into ZUG (ZUG_ID, ZUG_TYP) values (48, 'IC');
insert into ZUG (ZUG_ID, ZUG_TYP) values (49, 'IC');
insert into ZUG (ZUG_ID, ZUG_TYP) values (50, 'IC');
insert into ZUG (ZUG_ID, ZUG_TYP) values (51, 'IC');
insert into ZUG (ZUG_ID, ZUG_TYP) values (52, 'ICE');
insert into ZUG (ZUG_ID, ZUG_TYP) values (53, 'ICE');
insert into ZUG (ZUG_ID, ZUG_TYP) values (54, 'SBAHN');
insert into ZUG (ZUG_ID, ZUG_TYP) values (55, 'SBAHN');
insert into ZUG (ZUG_ID, ZUG_TYP) values (56, 'IC');
insert into ZUG (ZUG_ID, ZUG_TYP) values (57, 'ICE');
insert into ZUG (ZUG_ID, ZUG_TYP) values (58, 'IC');
insert into ZUG (ZUG_ID, ZUG_TYP) values (59, 'SBAHN');
insert into ZUG (ZUG_ID, ZUG_TYP) values (60, 'SBAHN');
insert into ZUG (ZUG_ID, ZUG_TYP) values (61, 'ICE');
insert into ZUG (ZUG_ID, ZUG_TYP) values (62, 'ICE');
insert into ZUG (ZUG_ID, ZUG_TYP) values (63, 'IC');
insert into ZUG (ZUG_ID, ZUG_TYP) values (64, 'SBAHN');
insert into ZUG (ZUG_ID, ZUG_TYP) values (65, 'IC');
insert into ZUG (ZUG_ID, ZUG_TYP) values (66, 'SBAHN');
insert into ZUG (ZUG_ID, ZUG_TYP) values (67, 'IC');
insert into ZUG (ZUG_ID, ZUG_TYP) values (68, 'IC');
insert into ZUG (ZUG_ID, ZUG_TYP) values (69, 'SBAHN');
insert into ZUG (ZUG_ID, ZUG_TYP) values (70, 'ICE');
insert into ZUG (ZUG_ID, ZUG_TYP) values (71, 'IC');
insert into ZUG (ZUG_ID, ZUG_TYP) values (72, 'SBAHN');
insert into ZUG (ZUG_ID, ZUG_TYP) values (73, 'IC');
insert into ZUG (ZUG_ID, ZUG_TYP) values (74, 'ICE');
insert into ZUG (ZUG_ID, ZUG_TYP) values (75, 'IC');
insert into ZUG (ZUG_ID, ZUG_TYP) values (76, 'IC');
insert into ZUG (ZUG_ID, ZUG_TYP) values (77, 'IC');
insert into ZUG (ZUG_ID, ZUG_TYP) values (78, 'ICE');
insert into ZUG (ZUG_ID, ZUG_TYP) values (79, 'ICE');
insert into ZUG (ZUG_ID, ZUG_TYP) values (80, 'SBAHN');
insert into ZUG (ZUG_ID, ZUG_TYP) values (81, 'SBAHN');
insert into ZUG (ZUG_ID, ZUG_TYP) values (82, 'SBAHN');
insert into ZUG (ZUG_ID, ZUG_TYP) values (83, 'ICE');
insert into ZUG (ZUG_ID, ZUG_TYP) values (84, 'IC');
insert into ZUG (ZUG_ID, ZUG_TYP) values (85, 'SBAHN');
insert into ZUG (ZUG_ID, ZUG_TYP) values (86, 'SBAHN');
insert into ZUG (ZUG_ID, ZUG_TYP) values (87, 'ICE');
insert into ZUG (ZUG_ID, ZUG_TYP) values (88, 'SBAHN');
insert into ZUG (ZUG_ID, ZUG_TYP) values (89, 'IC');
insert into ZUG (ZUG_ID, ZUG_TYP) values (90, 'SBAHN');
insert into ZUG (ZUG_ID, ZUG_TYP) values (91, 'SBAHN');
insert into ZUG (ZUG_ID, ZUG_TYP) values (92, 'ICE');
insert into ZUG (ZUG_ID, ZUG_TYP) values (93, 'SBAHN');
insert into ZUG (ZUG_ID, ZUG_TYP) values (94, 'ICE');
insert into ZUG (ZUG_ID, ZUG_TYP) values (95, 'SBAHN');
insert into ZUG (ZUG_ID, ZUG_TYP) values (96, 'IC');
insert into ZUG (ZUG_ID, ZUG_TYP) values (97, 'ICE');
insert into ZUG (ZUG_ID, ZUG_TYP) values (98, 'ICE');
insert into ZUG (ZUG_ID, ZUG_TYP) values (99, 'ICE');
insert into ZUG (ZUG_ID, ZUG_TYP) values (100, 'ICE');

-- HALTESTELLE
insert into HALTESTELLE (HALTESTELLEN_ID, HALTESTELLEN_NAME, BARRIEREFREI) values (1, 'São Mateus', 'J');
insert into HALTESTELLE (HALTESTELLEN_ID, HALTESTELLEN_NAME, BARRIEREFREI) values (2, 'Inicbulan', 'N');
insert into HALTESTELLE (HALTESTELLEN_ID, HALTESTELLEN_NAME, BARRIEREFREI) values (3, 'Veruela', 'J');
insert into HALTESTELLE (HALTESTELLEN_ID, HALTESTELLEN_NAME, BARRIEREFREI) values (4, 'Barrhead', 'N');
insert into HALTESTELLE (HALTESTELLEN_ID, HALTESTELLEN_NAME, BARRIEREFREI) values (5, 'Tiechanggou', 'N');
insert into HALTESTELLE (HALTESTELLEN_ID, HALTESTELLEN_NAME, BARRIEREFREI) values (6, 'Richmond', 'N');
insert into HALTESTELLE (HALTESTELLEN_ID, HALTESTELLEN_NAME, BARRIEREFREI) values (7, 'Marelesu', 'J');
insert into HALTESTELLE (HALTESTELLEN_ID, HALTESTELLEN_NAME, BARRIEREFREI) values (8, 'Ambat', 'N');
insert into HALTESTELLE (HALTESTELLEN_ID, HALTESTELLEN_NAME, BARRIEREFREI) values (9, 'Huarancante', 'N');
insert into HALTESTELLE (HALTESTELLEN_ID, HALTESTELLEN_NAME, BARRIEREFREI) values (10, 'Margarita', 'J');
insert into HALTESTELLE (HALTESTELLEN_ID, HALTESTELLEN_NAME, BARRIEREFREI) values (11, 'Victoria', 'J');
insert into HALTESTELLE (HALTESTELLEN_ID, HALTESTELLEN_NAME, BARRIEREFREI) values (12, 'Uppsala', 'N');
insert into HALTESTELLE (HALTESTELLEN_ID, HALTESTELLEN_NAME, BARRIEREFREI) values (13, 'Los Angeles', 'J');
insert into HALTESTELLE (HALTESTELLEN_ID, HALTESTELLEN_NAME, BARRIEREFREI) values (14, 'Linjiang', 'N');
insert into HALTESTELLE (HALTESTELLEN_ID, HALTESTELLEN_NAME, BARRIEREFREI) values (15, 'Haljala', 'J');
insert into HALTESTELLE (HALTESTELLEN_ID, HALTESTELLEN_NAME, BARRIEREFREI) values (16, 'San Ricardo', 'N');
insert into HALTESTELLE (HALTESTELLEN_ID, HALTESTELLEN_NAME, BARRIEREFREI) values (17, 'Atakpamé', 'N');
insert into HALTESTELLE (HALTESTELLEN_ID, HALTESTELLEN_NAME, BARRIEREFREI) values (18, 'Malinta', 'N');
insert into HALTESTELLE (HALTESTELLEN_ID, HALTESTELLEN_NAME, BARRIEREFREI) values (19, 'Bielefeld', 'N');
insert into HALTESTELLE (HALTESTELLEN_ID, HALTESTELLEN_NAME, BARRIEREFREI) values (20, 'Bratslav', 'J');
insert into HALTESTELLE (HALTESTELLEN_ID, HALTESTELLEN_NAME, BARRIEREFREI) values (21, 'Uman’', 'N');
insert into HALTESTELLE (HALTESTELLEN_ID, HALTESTELLEN_NAME, BARRIEREFREI) values (22, 'Benito Juarez', 'N');
insert into HALTESTELLE (HALTESTELLEN_ID, HALTESTELLEN_NAME, BARRIEREFREI) values (23, 'Uspenskoye', 'N');
insert into HALTESTELLE (HALTESTELLEN_ID, HALTESTELLEN_NAME, BARRIEREFREI) values (24, 'Iparia', 'N');
insert into HALTESTELLE (HALTESTELLEN_ID, HALTESTELLEN_NAME, BARRIEREFREI) values (25, 'Druzhba', 'N');
insert into HALTESTELLE (HALTESTELLEN_ID, HALTESTELLEN_NAME, BARRIEREFREI) values (26, 'Roubaix', 'N');
insert into HALTESTELLE (HALTESTELLEN_ID, HALTESTELLEN_NAME, BARRIEREFREI) values (27, 'Yonghe', 'J');
insert into HALTESTELLE (HALTESTELLEN_ID, HALTESTELLEN_NAME, BARRIEREFREI) values (28, 'Gangmian', 'J');
insert into HALTESTELLE (HALTESTELLEN_ID, HALTESTELLEN_NAME, BARRIEREFREI) values (29, 'Hepu', 'N');
insert into HALTESTELLE (HALTESTELLEN_ID, HALTESTELLEN_NAME, BARRIEREFREI) values (30, 'Yabuli', 'N');
insert into HALTESTELLE (HALTESTELLEN_ID, HALTESTELLEN_NAME, BARRIEREFREI) values (31, 'Mili', 'N');
insert into HALTESTELLE (HALTESTELLEN_ID, HALTESTELLEN_NAME, BARRIEREFREI) values (32, 'Aimin', 'J');
insert into HALTESTELLE (HALTESTELLEN_ID, HALTESTELLEN_NAME, BARRIEREFREI) values (33, 'Portela', 'J');
insert into HALTESTELLE (HALTESTELLEN_ID, HALTESTELLEN_NAME, BARRIEREFREI) values (34, 'Nice', 'J');
insert into HALTESTELLE (HALTESTELLEN_ID, HALTESTELLEN_NAME, BARRIEREFREI) values (35, 'Baroh', 'J');
insert into HALTESTELLE (HALTESTELLEN_ID, HALTESTELLEN_NAME, BARRIEREFREI) values (36, 'Kozloduy', 'N');
insert into HALTESTELLE (HALTESTELLEN_ID, HALTESTELLEN_NAME, BARRIEREFREI) values (37, 'Hujirt', 'J');
insert into HALTESTELLE (HALTESTELLEN_ID, HALTESTELLEN_NAME, BARRIEREFREI) values (38, 'Sedl?any', 'J');
insert into HALTESTELLE (HALTESTELLEN_ID, HALTESTELLEN_NAME, BARRIEREFREI) values (39, 'Zelenodolsk', 'J');
insert into HALTESTELLE (HALTESTELLEN_ID, HALTESTELLEN_NAME, BARRIEREFREI) values (40, 'Ol’gino', 'J');
insert into HALTESTELLE (HALTESTELLEN_ID, HALTESTELLEN_NAME, BARRIEREFREI) values (41, 'Phong ?i?n', 'J');
insert into HALTESTELLE (HALTESTELLEN_ID, HALTESTELLEN_NAME, BARRIEREFREI) values (42, 'Velké Karlovice', 'J');
insert into HALTESTELLE (HALTESTELLEN_ID, HALTESTELLEN_NAME, BARRIEREFREI) values (43, 'W?d? al ‘Uy?n', 'J');
insert into HALTESTELLE (HALTESTELLEN_ID, HALTESTELLEN_NAME, BARRIEREFREI) values (44, 'Nong Hi', 'N');
insert into HALTESTELLE (HALTESTELLEN_ID, HALTESTELLEN_NAME, BARRIEREFREI) values (45, 'Baie-Comeau', 'J');
insert into HALTESTELLE (HALTESTELLEN_ID, HALTESTELLEN_NAME, BARRIEREFREI) values (46, 'Dowsk', 'N');
insert into HALTESTELLE (HALTESTELLEN_ID, HALTESTELLEN_NAME, BARRIEREFREI) values (47, 'Kloangpopot', 'N');
insert into HALTESTELLE (HALTESTELLEN_ID, HALTESTELLEN_NAME, BARRIEREFREI) values (48, 'Palestina', 'N');
insert into HALTESTELLE (HALTESTELLEN_ID, HALTESTELLEN_NAME, BARRIEREFREI) values (49, 'Tovarnik', 'J');
insert into HALTESTELLE (HALTESTELLEN_ID, HALTESTELLEN_NAME, BARRIEREFREI) values (50, 'Quípama', 'J');
insert into HALTESTELLE (HALTESTELLEN_ID, HALTESTELLEN_NAME, BARRIEREFREI) values (51, 'Melaka', 'J');
insert into HALTESTELLE (HALTESTELLEN_ID, HALTESTELLEN_NAME, BARRIEREFREI) values (52, 'Dongfeng', 'J');
insert into HALTESTELLE (HALTESTELLEN_ID, HALTESTELLEN_NAME, BARRIEREFREI) values (53, 'Orahovac', 'N');
insert into HALTESTELLE (HALTESTELLEN_ID, HALTESTELLEN_NAME, BARRIEREFREI) values (54, 'Maddela', 'J');
insert into HALTESTELLE (HALTESTELLEN_ID, HALTESTELLEN_NAME, BARRIEREFREI) values (55, 'Perrelos', 'J');
insert into HALTESTELLE (HALTESTELLEN_ID, HALTESTELLEN_NAME, BARRIEREFREI) values (56, 'Jadho', 'N');
insert into HALTESTELLE (HALTESTELLEN_ID, HALTESTELLEN_NAME, BARRIEREFREI) values (57, 'Anhua Daying', 'J');
insert into HALTESTELLE (HALTESTELLEN_ID, HALTESTELLEN_NAME, BARRIEREFREI) values (58, 'Valença', 'J');
insert into HALTESTELLE (HALTESTELLEN_ID, HALTESTELLEN_NAME, BARRIEREFREI) values (59, 'Tawangrejo', 'J');
insert into HALTESTELLE (HALTESTELLEN_ID, HALTESTELLEN_NAME, BARRIEREFREI) values (60, 'Aranhas', 'J');
insert into HALTESTELLE (HALTESTELLEN_ID, HALTESTELLEN_NAME, BARRIEREFREI) values (61, 'Kharp', 'N');
insert into HALTESTELLE (HALTESTELLEN_ID, HALTESTELLEN_NAME, BARRIEREFREI) values (62, 'Carhuac', 'J');
insert into HALTESTELLE (HALTESTELLEN_ID, HALTESTELLEN_NAME, BARRIEREFREI) values (63, 'Onsala', 'N');
insert into HALTESTELLE (HALTESTELLEN_ID, HALTESTELLEN_NAME, BARRIEREFREI) values (64, 'Budakovo', 'N');
insert into HALTESTELLE (HALTESTELLEN_ID, HALTESTELLEN_NAME, BARRIEREFREI) values (65, 'Kokhanava', 'N');
insert into HALTESTELLE (HALTESTELLEN_ID, HALTESTELLEN_NAME, BARRIEREFREI) values (66, 'Rubirizi', 'J');
insert into HALTESTELLE (HALTESTELLEN_ID, HALTESTELLEN_NAME, BARRIEREFREI) values (67, 'Orocué', 'N');
insert into HALTESTELLE (HALTESTELLEN_ID, HALTESTELLEN_NAME, BARRIEREFREI) values (68, 'Riyom', 'J');
insert into HALTESTELLE (HALTESTELLEN_ID, HALTESTELLEN_NAME, BARRIEREFREI) values (69, 'Huangshi', 'J');
insert into HALTESTELLE (HALTESTELLEN_ID, HALTESTELLEN_NAME, BARRIEREFREI) values (70, 'Cana Chapetón', 'J');
insert into HALTESTELLE (HALTESTELLEN_ID, HALTESTELLEN_NAME, BARRIEREFREI) values (71, 'Catumbela', 'J');
insert into HALTESTELLE (HALTESTELLEN_ID, HALTESTELLEN_NAME, BARRIEREFREI) values (72, 'Uttar Char Fasson', 'N');
insert into HALTESTELLE (HALTESTELLEN_ID, HALTESTELLEN_NAME, BARRIEREFREI) values (73, 'Mhlambanyatsi', 'N');
insert into HALTESTELLE (HALTESTELLEN_ID, HALTESTELLEN_NAME, BARRIEREFREI) values (74, 'Xufeng', 'N');
insert into HALTESTELLE (HALTESTELLEN_ID, HALTESTELLEN_NAME, BARRIEREFREI) values (75, 'Dongfeng', 'J');
insert into HALTESTELLE (HALTESTELLEN_ID, HALTESTELLEN_NAME, BARRIEREFREI) values (76, 'Bungursari', 'N');
insert into HALTESTELLE (HALTESTELLEN_ID, HALTESTELLEN_NAME, BARRIEREFREI) values (77, 'Suileng', 'N');
insert into HALTESTELLE (HALTESTELLEN_ID, HALTESTELLEN_NAME, BARRIEREFREI) values (78, 'Kensington', 'N');
insert into HALTESTELLE (HALTESTELLEN_ID, HALTESTELLEN_NAME, BARRIEREFREI) values (79, 'Wates', 'N');
insert into HALTESTELLE (HALTESTELLEN_ID, HALTESTELLEN_NAME, BARRIEREFREI) values (80, 'Tsaghkahovit', 'J');
insert into HALTESTELLE (HALTESTELLEN_ID, HALTESTELLEN_NAME, BARRIEREFREI) values (81, 'Bobojong', 'J');
insert into HALTESTELLE (HALTESTELLEN_ID, HALTESTELLEN_NAME, BARRIEREFREI) values (82, 'Domalanoan', 'J');
insert into HALTESTELLE (HALTESTELLEN_ID, HALTESTELLEN_NAME, BARRIEREFREI) values (83, 'Río Grande', 'N');
insert into HALTESTELLE (HALTESTELLEN_ID, HALTESTELLEN_NAME, BARRIEREFREI) values (84, 'Lubao', 'N');
insert into HALTESTELLE (HALTESTELLEN_ID, HALTESTELLEN_NAME, BARRIEREFREI) values (85, 'Xinbei', 'N');
insert into HALTESTELLE (HALTESTELLEN_ID, HALTESTELLEN_NAME, BARRIEREFREI) values (86, 'Runovi?', 'J');
insert into HALTESTELLE (HALTESTELLEN_ID, HALTESTELLEN_NAME, BARRIEREFREI) values (87, 'Nong Hi', 'J');
insert into HALTESTELLE (HALTESTELLEN_ID, HALTESTELLEN_NAME, BARRIEREFREI) values (88, 'Xiqi', 'N');
insert into HALTESTELLE (HALTESTELLEN_ID, HALTESTELLEN_NAME, BARRIEREFREI) values (89, 'Oslo', 'N');
insert into HALTESTELLE (HALTESTELLEN_ID, HALTESTELLEN_NAME, BARRIEREFREI) values (90, 'Amu Gulang Baolige', 'N');
insert into HALTESTELLE (HALTESTELLEN_ID, HALTESTELLEN_NAME, BARRIEREFREI) values (91, 'Hou’an', 'N');
insert into HALTESTELLE (HALTESTELLEN_ID, HALTESTELLEN_NAME, BARRIEREFREI) values (92, 'Pan?evo', 'N');
insert into HALTESTELLE (HALTESTELLEN_ID, HALTESTELLEN_NAME, BARRIEREFREI) values (93, 'Th? Tr?n Na Hang', 'J');
insert into HALTESTELLE (HALTESTELLEN_ID, HALTESTELLEN_NAME, BARRIEREFREI) values (94, 'Argavand', 'N');
insert into HALTESTELLE (HALTESTELLEN_ID, HALTESTELLEN_NAME, BARRIEREFREI) values (95, 'Laweueng', 'N');
insert into HALTESTELLE (HALTESTELLEN_ID, HALTESTELLEN_NAME, BARRIEREFREI) values (96, 'Nangela', 'N');
insert into HALTESTELLE (HALTESTELLEN_ID, HALTESTELLEN_NAME, BARRIEREFREI) values (97, 'Tochigi', 'J');
insert into HALTESTELLE (HALTESTELLEN_ID, HALTESTELLEN_NAME, BARRIEREFREI) values (98, 'Jingyu', 'J');
insert into HALTESTELLE (HALTESTELLEN_ID, HALTESTELLEN_NAME, BARRIEREFREI) values (99, 'Carmen', 'N');
insert into HALTESTELLE (HALTESTELLEN_ID, HALTESTELLEN_NAME, BARRIEREFREI) values (100, 'Qingfenglin', 'J');
insert into HALTESTELLE (HALTESTELLEN_ID, HALTESTELLEN_NAME, BARRIEREFREI) values (101, 'Alebtong', 'J');
insert into HALTESTELLE (HALTESTELLEN_ID, HALTESTELLEN_NAME, BARRIEREFREI) values (102, 'Hehu', 'N');
insert into HALTESTELLE (HALTESTELLEN_ID, HALTESTELLEN_NAME, BARRIEREFREI) values (103, 'Sigou', 'N');
insert into HALTESTELLE (HALTESTELLEN_ID, HALTESTELLEN_NAME, BARRIEREFREI) values (104, 'Tambillo', 'J');
insert into HALTESTELLE (HALTESTELLEN_ID, HALTESTELLEN_NAME, BARRIEREFREI) values (105, 'Laranjal Paulista', 'J');
insert into HALTESTELLE (HALTESTELLEN_ID, HALTESTELLEN_NAME, BARRIEREFREI) values (106, 'Baiima', 'N');
insert into HALTESTELLE (HALTESTELLEN_ID, HALTESTELLEN_NAME, BARRIEREFREI) values (107, 'Laranjal Paulista', 'J');
insert into HALTESTELLE (HALTESTELLEN_ID, HALTESTELLEN_NAME, BARRIEREFREI) values (108, 'Monasterevin', 'J');
insert into HALTESTELLE (HALTESTELLEN_ID, HALTESTELLEN_NAME, BARRIEREFREI) values (109, 'Starigrad', 'J');
insert into HALTESTELLE (HALTESTELLEN_ID, HALTESTELLEN_NAME, BARRIEREFREI) values (110, 'Badaogu', 'N');
insert into HALTESTELLE (HALTESTELLEN_ID, HALTESTELLEN_NAME, BARRIEREFREI) values (111, 'Beidong', 'J');
insert into HALTESTELLE (HALTESTELLEN_ID, HALTESTELLEN_NAME, BARRIEREFREI) values (112, 'Ordzhonikidzevskiy', 'J');
insert into HALTESTELLE (HALTESTELLEN_ID, HALTESTELLEN_NAME, BARRIEREFREI) values (113, 'Chiang Mai', 'N');
insert into HALTESTELLE (HALTESTELLEN_ID, HALTESTELLEN_NAME, BARRIEREFREI) values (114, 'Koniaków', 'J');
insert into HALTESTELLE (HALTESTELLEN_ID, HALTESTELLEN_NAME, BARRIEREFREI) values (115, 'Gersikputih Tengah', 'J');
insert into HALTESTELLE (HALTESTELLEN_ID, HALTESTELLEN_NAME, BARRIEREFREI) values (116, 'Banaran', 'N');
insert into HALTESTELLE (HALTESTELLEN_ID, HALTESTELLEN_NAME, BARRIEREFREI) values (117, 'Takefu', 'J');
insert into HALTESTELLE (HALTESTELLEN_ID, HALTESTELLEN_NAME, BARRIEREFREI) values (118, 'Petong', 'N');
insert into HALTESTELLE (HALTESTELLEN_ID, HALTESTELLEN_NAME, BARRIEREFREI) values (119, 'Florida', 'J');
insert into HALTESTELLE (HALTESTELLEN_ID, HALTESTELLEN_NAME, BARRIEREFREI) values (120, 'Huangjinbu', 'N');
insert into HALTESTELLE (HALTESTELLEN_ID, HALTESTELLEN_NAME, BARRIEREFREI) values (121, 'Leyuan', 'N');
insert into HALTESTELLE (HALTESTELLEN_ID, HALTESTELLEN_NAME, BARRIEREFREI) values (122, 'Dachuan', 'N');
insert into HALTESTELLE (HALTESTELLEN_ID, HALTESTELLEN_NAME, BARRIEREFREI) values (123, 'Jisegumen', 'N');
insert into HALTESTELLE (HALTESTELLEN_ID, HALTESTELLEN_NAME, BARRIEREFREI) values (124, 'Mafang', 'N');
insert into HALTESTELLE (HALTESTELLEN_ID, HALTESTELLEN_NAME, BARRIEREFREI) values (125, 'Griboyedov', 'N');
insert into HALTESTELLE (HALTESTELLEN_ID, HALTESTELLEN_NAME, BARRIEREFREI) values (126, 'Tailing', 'J');
insert into HALTESTELLE (HALTESTELLEN_ID, HALTESTELLEN_NAME, BARRIEREFREI) values (127, '?ernožice', 'J');
insert into HALTESTELLE (HALTESTELLEN_ID, HALTESTELLEN_NAME, BARRIEREFREI) values (128, 'Jiasi', 'J');
insert into HALTESTELLE (HALTESTELLEN_ID, HALTESTELLEN_NAME, BARRIEREFREI) values (129, 'Carvalho', 'N');
insert into HALTESTELLE (HALTESTELLEN_ID, HALTESTELLEN_NAME, BARRIEREFREI) values (130, 'Huainan', 'N');
insert into HALTESTELLE (HALTESTELLEN_ID, HALTESTELLEN_NAME, BARRIEREFREI) values (131, 'Wat Bot', 'N');
insert into HALTESTELLE (HALTESTELLEN_ID, HALTESTELLEN_NAME, BARRIEREFREI) values (132, 'Misheronskiy', 'J');
insert into HALTESTELLE (HALTESTELLEN_ID, HALTESTELLEN_NAME, BARRIEREFREI) values (133, 'Yashio-shi', 'J');
insert into HALTESTELLE (HALTESTELLEN_ID, HALTESTELLEN_NAME, BARRIEREFREI) values (134, 'Kalibunder', 'N');
insert into HALTESTELLE (HALTESTELLEN_ID, HALTESTELLEN_NAME, BARRIEREFREI) values (135, 'Emplak', 'J');
insert into HALTESTELLE (HALTESTELLEN_ID, HALTESTELLEN_NAME, BARRIEREFREI) values (136, 'Qijiawan', 'J');
insert into HALTESTELLE (HALTESTELLEN_ID, HALTESTELLEN_NAME, BARRIEREFREI) values (137, 'Fond du Sac', 'N');
insert into HALTESTELLE (HALTESTELLEN_ID, HALTESTELLEN_NAME, BARRIEREFREI) values (138, 'Gandi', 'J');
insert into HALTESTELLE (HALTESTELLEN_ID, HALTESTELLEN_NAME, BARRIEREFREI) values (139, 'Bydgoszcz', 'N');
insert into HALTESTELLE (HALTESTELLEN_ID, HALTESTELLEN_NAME, BARRIEREFREI) values (140, 'Saint-Étienne', 'J');
insert into HALTESTELLE (HALTESTELLEN_ID, HALTESTELLEN_NAME, BARRIEREFREI) values (141, 'Pappadátes', 'N');
insert into HALTESTELLE (HALTESTELLEN_ID, HALTESTELLEN_NAME, BARRIEREFREI) values (142, 'Kayangel', 'N');
insert into HALTESTELLE (HALTESTELLEN_ID, HALTESTELLEN_NAME, BARRIEREFREI) values (143, 'Baizhu', 'N');
insert into HALTESTELLE (HALTESTELLEN_ID, HALTESTELLEN_NAME, BARRIEREFREI) values (144, 'Yushikalasu', 'J');
insert into HALTESTELLE (HALTESTELLEN_ID, HALTESTELLEN_NAME, BARRIEREFREI) values (145, 'Palmira', 'J');
insert into HALTESTELLE (HALTESTELLEN_ID, HALTESTELLEN_NAME, BARRIEREFREI) values (146, 'Rozivka', 'N');
insert into HALTESTELLE (HALTESTELLEN_ID, HALTESTELLEN_NAME, BARRIEREFREI) values (147, 'Pueblo Nuevo', 'N');
insert into HALTESTELLE (HALTESTELLEN_ID, HALTESTELLEN_NAME, BARRIEREFREI) values (148, 'Takengon', 'N');
insert into HALTESTELLE (HALTESTELLEN_ID, HALTESTELLEN_NAME, BARRIEREFREI) values (149, 'Timóteo', 'J');
insert into HALTESTELLE (HALTESTELLEN_ID, HALTESTELLEN_NAME, BARRIEREFREI) values (150, 'Dhali', 'N');

-- STRECKE
insert into STRECKE (STRECKEN_ID, HALTESTELLEN_ID, POS_INDEX) values (1, 1, 0);
insert into STRECKE (STRECKEN_ID, HALTESTELLEN_ID, POS_INDEX) values (2, 2, 0);
insert into STRECKE (STRECKEN_ID, HALTESTELLEN_ID, POS_INDEX) values (3, 3, 0);
insert into STRECKE (STRECKEN_ID, HALTESTELLEN_ID, POS_INDEX) values (4, 4, 0);
insert into STRECKE (STRECKEN_ID, HALTESTELLEN_ID, POS_INDEX) values (5, 5, 0);
insert into STRECKE (STRECKEN_ID, HALTESTELLEN_ID, POS_INDEX) values (6, 6, 0);
insert into STRECKE (STRECKEN_ID, HALTESTELLEN_ID, POS_INDEX) values (7, 7, 0);
insert into STRECKE (STRECKEN_ID, HALTESTELLEN_ID, POS_INDEX) values (8, 8, 0);
insert into STRECKE (STRECKEN_ID, HALTESTELLEN_ID, POS_INDEX) values (9, 9, 0);
insert into STRECKE (STRECKEN_ID, HALTESTELLEN_ID, POS_INDEX) values (10, 10, 0);
insert into STRECKE (STRECKEN_ID, HALTESTELLEN_ID, POS_INDEX) values (11, 11, 0);
insert into STRECKE (STRECKEN_ID, HALTESTELLEN_ID, POS_INDEX) values (12, 12, 0);
insert into STRECKE (STRECKEN_ID, HALTESTELLEN_ID, POS_INDEX) values (13, 13, 0);
insert into STRECKE (STRECKEN_ID, HALTESTELLEN_ID, POS_INDEX) values (14, 14, 0);
insert into STRECKE (STRECKEN_ID, HALTESTELLEN_ID, POS_INDEX) values (15, 15, 0);
insert into STRECKE (STRECKEN_ID, HALTESTELLEN_ID, POS_INDEX) values (16, 16, 0);
insert into STRECKE (STRECKEN_ID, HALTESTELLEN_ID, POS_INDEX) values (17, 17, 0);
insert into STRECKE (STRECKEN_ID, HALTESTELLEN_ID, POS_INDEX) values (18, 18, 0);
insert into STRECKE (STRECKEN_ID, HALTESTELLEN_ID, POS_INDEX) values (19, 19, 0);
insert into STRECKE (STRECKEN_ID, HALTESTELLEN_ID, POS_INDEX) values (20, 20, 0);
insert into STRECKE (STRECKEN_ID, HALTESTELLEN_ID, POS_INDEX) values (21, 21, 0);
insert into STRECKE (STRECKEN_ID, HALTESTELLEN_ID, POS_INDEX) values (22, 22, 0);
insert into STRECKE (STRECKEN_ID, HALTESTELLEN_ID, POS_INDEX) values (23, 23, 0);
insert into STRECKE (STRECKEN_ID, HALTESTELLEN_ID, POS_INDEX) values (24, 24, 0);
insert into STRECKE (STRECKEN_ID, HALTESTELLEN_ID, POS_INDEX) values (25, 25, 0);
insert into STRECKE (STRECKEN_ID, HALTESTELLEN_ID, POS_INDEX) values (26, 26, 0);
insert into STRECKE (STRECKEN_ID, HALTESTELLEN_ID, POS_INDEX) values (27, 27, 0);
insert into STRECKE (STRECKEN_ID, HALTESTELLEN_ID, POS_INDEX) values (28, 28, 0);
insert into STRECKE (STRECKEN_ID, HALTESTELLEN_ID, POS_INDEX) values (29, 29, 0);
insert into STRECKE (STRECKEN_ID, HALTESTELLEN_ID, POS_INDEX) values (30, 30, 0);
insert into STRECKE (STRECKEN_ID, HALTESTELLEN_ID, POS_INDEX) values (31, 31, 0);
insert into STRECKE (STRECKEN_ID, HALTESTELLEN_ID, POS_INDEX) values (32, 32, 0);
insert into STRECKE (STRECKEN_ID, HALTESTELLEN_ID, POS_INDEX) values (33, 33, 0);
insert into STRECKE (STRECKEN_ID, HALTESTELLEN_ID, POS_INDEX) values (34, 34, 0);
insert into STRECKE (STRECKEN_ID, HALTESTELLEN_ID, POS_INDEX) values (35, 35, 0);
insert into STRECKE (STRECKEN_ID, HALTESTELLEN_ID, POS_INDEX) values (36, 36, 0);
insert into STRECKE (STRECKEN_ID, HALTESTELLEN_ID, POS_INDEX) values (37, 37, 0);
insert into STRECKE (STRECKEN_ID, HALTESTELLEN_ID, POS_INDEX) values (38, 38, 0);
insert into STRECKE (STRECKEN_ID, HALTESTELLEN_ID, POS_INDEX) values (39, 39, 0);
insert into STRECKE (STRECKEN_ID, HALTESTELLEN_ID, POS_INDEX) values (40, 40, 0);
insert into STRECKE (STRECKEN_ID, HALTESTELLEN_ID, POS_INDEX) values (41, 41, 0);
insert into STRECKE (STRECKEN_ID, HALTESTELLEN_ID, POS_INDEX) values (42, 42, 0);
insert into STRECKE (STRECKEN_ID, HALTESTELLEN_ID, POS_INDEX) values (43, 43, 0);
insert into STRECKE (STRECKEN_ID, HALTESTELLEN_ID, POS_INDEX) values (44, 44, 0);
insert into STRECKE (STRECKEN_ID, HALTESTELLEN_ID, POS_INDEX) values (45, 45, 0);
insert into STRECKE (STRECKEN_ID, HALTESTELLEN_ID, POS_INDEX) values (46, 46, 0);
insert into STRECKE (STRECKEN_ID, HALTESTELLEN_ID, POS_INDEX) values (47, 47, 0);
insert into STRECKE (STRECKEN_ID, HALTESTELLEN_ID, POS_INDEX) values (48, 48, 0);
insert into STRECKE (STRECKEN_ID, HALTESTELLEN_ID, POS_INDEX) values (49, 49, 0);
insert into STRECKE (STRECKEN_ID, HALTESTELLEN_ID, POS_INDEX) values (50, 50, 0);
-- zweite Stationen
insert into STRECKE (STRECKEN_ID, HALTESTELLEN_ID, POS_INDEX) values (1, 51, 1);
insert into STRECKE (STRECKEN_ID, HALTESTELLEN_ID, POS_INDEX) values (2, 52, 1);
insert into STRECKE (STRECKEN_ID, HALTESTELLEN_ID, POS_INDEX) values (3, 53, 1);
insert into STRECKE (STRECKEN_ID, HALTESTELLEN_ID, POS_INDEX) values (4, 54, 1);
insert into STRECKE (STRECKEN_ID, HALTESTELLEN_ID, POS_INDEX) values (5, 55, 1);
insert into STRECKE (STRECKEN_ID, HALTESTELLEN_ID, POS_INDEX) values (6, 56, 1);
insert into STRECKE (STRECKEN_ID, HALTESTELLEN_ID, POS_INDEX) values (7, 57, 1);
insert into STRECKE (STRECKEN_ID, HALTESTELLEN_ID, POS_INDEX) values (8, 58, 1);
insert into STRECKE (STRECKEN_ID, HALTESTELLEN_ID, POS_INDEX) values (9, 59, 1);
insert into STRECKE (STRECKEN_ID, HALTESTELLEN_ID, POS_INDEX) values (10, 60, 1);
insert into STRECKE (STRECKEN_ID, HALTESTELLEN_ID, POS_INDEX) values (11, 61, 1);
insert into STRECKE (STRECKEN_ID, HALTESTELLEN_ID, POS_INDEX) values (12, 62, 1);
insert into STRECKE (STRECKEN_ID, HALTESTELLEN_ID, POS_INDEX) values (13, 63, 1);
insert into STRECKE (STRECKEN_ID, HALTESTELLEN_ID, POS_INDEX) values (14, 64, 1);
insert into STRECKE (STRECKEN_ID, HALTESTELLEN_ID, POS_INDEX) values (15, 65, 1);
insert into STRECKE (STRECKEN_ID, HALTESTELLEN_ID, POS_INDEX) values (16, 66, 1);
insert into STRECKE (STRECKEN_ID, HALTESTELLEN_ID, POS_INDEX) values (17, 67, 1);
insert into STRECKE (STRECKEN_ID, HALTESTELLEN_ID, POS_INDEX) values (18, 68, 1);
insert into STRECKE (STRECKEN_ID, HALTESTELLEN_ID, POS_INDEX) values (19, 69, 1);
insert into STRECKE (STRECKEN_ID, HALTESTELLEN_ID, POS_INDEX) values (20, 70, 1);
insert into STRECKE (STRECKEN_ID, HALTESTELLEN_ID, POS_INDEX) values (21, 71, 1);
insert into STRECKE (STRECKEN_ID, HALTESTELLEN_ID, POS_INDEX) values (22, 72, 1);
insert into STRECKE (STRECKEN_ID, HALTESTELLEN_ID, POS_INDEX) values (23, 73, 1);
insert into STRECKE (STRECKEN_ID, HALTESTELLEN_ID, POS_INDEX) values (24, 74, 1);
insert into STRECKE (STRECKEN_ID, HALTESTELLEN_ID, POS_INDEX) values (25, 75, 1);
insert into STRECKE (STRECKEN_ID, HALTESTELLEN_ID, POS_INDEX) values (26, 76, 1);
insert into STRECKE (STRECKEN_ID, HALTESTELLEN_ID, POS_INDEX) values (27, 77, 1);
insert into STRECKE (STRECKEN_ID, HALTESTELLEN_ID, POS_INDEX) values (28, 78, 1);
insert into STRECKE (STRECKEN_ID, HALTESTELLEN_ID, POS_INDEX) values (29, 79, 1);
insert into STRECKE (STRECKEN_ID, HALTESTELLEN_ID, POS_INDEX) values (30, 80, 1);
insert into STRECKE (STRECKEN_ID, HALTESTELLEN_ID, POS_INDEX) values (31, 81, 1);
insert into STRECKE (STRECKEN_ID, HALTESTELLEN_ID, POS_INDEX) values (32, 82, 1);
insert into STRECKE (STRECKEN_ID, HALTESTELLEN_ID, POS_INDEX) values (33, 83, 1);
insert into STRECKE (STRECKEN_ID, HALTESTELLEN_ID, POS_INDEX) values (34, 84, 1);
insert into STRECKE (STRECKEN_ID, HALTESTELLEN_ID, POS_INDEX) values (35, 85, 1);
insert into STRECKE (STRECKEN_ID, HALTESTELLEN_ID, POS_INDEX) values (36, 86, 1);
insert into STRECKE (STRECKEN_ID, HALTESTELLEN_ID, POS_INDEX) values (37, 87, 1);
insert into STRECKE (STRECKEN_ID, HALTESTELLEN_ID, POS_INDEX) values (38, 88, 1);
insert into STRECKE (STRECKEN_ID, HALTESTELLEN_ID, POS_INDEX) values (39, 89, 1);
insert into STRECKE (STRECKEN_ID, HALTESTELLEN_ID, POS_INDEX) values (40, 90, 1);
insert into STRECKE (STRECKEN_ID, HALTESTELLEN_ID, POS_INDEX) values (41, 91, 1);
insert into STRECKE (STRECKEN_ID, HALTESTELLEN_ID, POS_INDEX) values (42, 92, 1);
insert into STRECKE (STRECKEN_ID, HALTESTELLEN_ID, POS_INDEX) values (43, 93, 1);
insert into STRECKE (STRECKEN_ID, HALTESTELLEN_ID, POS_INDEX) values (44, 94, 1);
insert into STRECKE (STRECKEN_ID, HALTESTELLEN_ID, POS_INDEX) values (45, 95, 1);
insert into STRECKE (STRECKEN_ID, HALTESTELLEN_ID, POS_INDEX) values (46, 96, 1);
insert into STRECKE (STRECKEN_ID, HALTESTELLEN_ID, POS_INDEX) values (47, 97, 1);
insert into STRECKE (STRECKEN_ID, HALTESTELLEN_ID, POS_INDEX) values (48, 98, 1);
insert into STRECKE (STRECKEN_ID, HALTESTELLEN_ID, POS_INDEX) values (49, 99, 1);
insert into STRECKE (STRECKEN_ID, HALTESTELLEN_ID, POS_INDEX) values (50, 100, 1);

-- VERBINDUNG
-- departure
insert into VERBINDUNG (VERBINDUNGS_ID, STRECKEN_ID, POS_INDEX, ZUG_ID, ANKUNFTSZEIT, ABFAHRTSZEIT, GLEIS) values (1, 1, 0, 1, NULL, TO_DATE('1970-01-01 07:00','YYYY-MM-DD HH24:MI'), 1);
insert into VERBINDUNG (VERBINDUNGS_ID, STRECKEN_ID, POS_INDEX, ZUG_ID, ANKUNFTSZEIT, ABFAHRTSZEIT, GLEIS) values (2, 2, 0, 2, NULL, TO_DATE('1970-01-01 07:00','YYYY-MM-DD HH24:MI'), 2);
insert into VERBINDUNG (VERBINDUNGS_ID, STRECKEN_ID, POS_INDEX, ZUG_ID, ANKUNFTSZEIT, ABFAHRTSZEIT, GLEIS) values (3, 3, 0, 3, NULL, TO_DATE('1970-01-01 07:00','YYYY-MM-DD HH24:MI'), 1);
insert into VERBINDUNG (VERBINDUNGS_ID, STRECKEN_ID, POS_INDEX, ZUG_ID, ANKUNFTSZEIT, ABFAHRTSZEIT, GLEIS) values (4, 4, 0, 4, NULL, TO_DATE('1970-01-01 07:00','YYYY-MM-DD HH24:MI'), 2);
insert into VERBINDUNG (VERBINDUNGS_ID, STRECKEN_ID, POS_INDEX, ZUG_ID, ANKUNFTSZEIT, ABFAHRTSZEIT, GLEIS) values (5, 5, 0, 5, NULL, TO_DATE('1970-01-01 07:00','YYYY-MM-DD HH24:MI'), 3);
insert into VERBINDUNG (VERBINDUNGS_ID, STRECKEN_ID, POS_INDEX, ZUG_ID, ANKUNFTSZEIT, ABFAHRTSZEIT, GLEIS) values (6, 6, 0, 6, NULL, TO_DATE('1970-01-01 07:00','YYYY-MM-DD HH24:MI'), 2);
insert into VERBINDUNG (VERBINDUNGS_ID, STRECKEN_ID, POS_INDEX, ZUG_ID, ANKUNFTSZEIT, ABFAHRTSZEIT, GLEIS) values (7, 7, 0, 7, NULL, TO_DATE('1970-01-01 07:00','YYYY-MM-DD HH24:MI'), 2);
insert into VERBINDUNG (VERBINDUNGS_ID, STRECKEN_ID, POS_INDEX, ZUG_ID, ANKUNFTSZEIT, ABFAHRTSZEIT, GLEIS) values (8, 8, 0, 8, NULL, TO_DATE('1970-01-01 07:00','YYYY-MM-DD HH24:MI'), 5);
insert into VERBINDUNG (VERBINDUNGS_ID, STRECKEN_ID, POS_INDEX, ZUG_ID, ANKUNFTSZEIT, ABFAHRTSZEIT, GLEIS) values (9, 9, 0, 9, NULL, TO_DATE('1970-01-01 07:00','YYYY-MM-DD HH24:MI'), 3);
insert into VERBINDUNG (VERBINDUNGS_ID, STRECKEN_ID, POS_INDEX, ZUG_ID, ANKUNFTSZEIT, ABFAHRTSZEIT, GLEIS) values (10, 10, 0, 10, NULL, TO_DATE('1970-01-01 07:00','YYYY-MM-DD HH24:MI'), 4);
insert into VERBINDUNG (VERBINDUNGS_ID, STRECKEN_ID, POS_INDEX, ZUG_ID, ANKUNFTSZEIT, ABFAHRTSZEIT, GLEIS) values (11, 11, 0, 11, NULL, TO_DATE('1970-01-01 07:00','YYYY-MM-DD HH24:MI'), 5);
insert into VERBINDUNG (VERBINDUNGS_ID, STRECKEN_ID, POS_INDEX, ZUG_ID, ANKUNFTSZEIT, ABFAHRTSZEIT, GLEIS) values (12, 12, 0, 12, NULL, TO_DATE('1970-01-01 07:00','YYYY-MM-DD HH24:MI'), 3);
insert into VERBINDUNG (VERBINDUNGS_ID, STRECKEN_ID, POS_INDEX, ZUG_ID, ANKUNFTSZEIT, ABFAHRTSZEIT, GLEIS) values (13, 13, 0, 13, NULL, TO_DATE('1970-01-01 07:00','YYYY-MM-DD HH24:MI'), 2);
insert into VERBINDUNG (VERBINDUNGS_ID, STRECKEN_ID, POS_INDEX, ZUG_ID, ANKUNFTSZEIT, ABFAHRTSZEIT, GLEIS) values (14, 14, 0, 14, NULL, TO_DATE('1970-01-01 07:00','YYYY-MM-DD HH24:MI'), 5);
insert into VERBINDUNG (VERBINDUNGS_ID, STRECKEN_ID, POS_INDEX, ZUG_ID, ANKUNFTSZEIT, ABFAHRTSZEIT, GLEIS) values (15, 15, 0, 15, NULL, TO_DATE('1970-01-01 07:00','YYYY-MM-DD HH24:MI'), 5);
insert into VERBINDUNG (VERBINDUNGS_ID, STRECKEN_ID, POS_INDEX, ZUG_ID, ANKUNFTSZEIT, ABFAHRTSZEIT, GLEIS) values (16, 16, 0, 16, NULL, TO_DATE('1970-01-01 07:00','YYYY-MM-DD HH24:MI'), 5);
insert into VERBINDUNG (VERBINDUNGS_ID, STRECKEN_ID, POS_INDEX, ZUG_ID, ANKUNFTSZEIT, ABFAHRTSZEIT, GLEIS) values (17, 17, 0, 17, NULL, TO_DATE('1970-01-01 07:00','YYYY-MM-DD HH24:MI'), 1);
insert into VERBINDUNG (VERBINDUNGS_ID, STRECKEN_ID, POS_INDEX, ZUG_ID, ANKUNFTSZEIT, ABFAHRTSZEIT, GLEIS) values (18, 18, 0, 18, NULL, TO_DATE('1970-01-01 07:00','YYYY-MM-DD HH24:MI'), 4);
insert into VERBINDUNG (VERBINDUNGS_ID, STRECKEN_ID, POS_INDEX, ZUG_ID, ANKUNFTSZEIT, ABFAHRTSZEIT, GLEIS) values (19, 19, 0, 19, NULL, TO_DATE('1970-01-01 07:00','YYYY-MM-DD HH24:MI'), 3);
insert into VERBINDUNG (VERBINDUNGS_ID, STRECKEN_ID, POS_INDEX, ZUG_ID, ANKUNFTSZEIT, ABFAHRTSZEIT, GLEIS) values (20, 20, 0, 20, NULL, TO_DATE('1970-01-01 07:00','YYYY-MM-DD HH24:MI'), 2);
insert into VERBINDUNG (VERBINDUNGS_ID, STRECKEN_ID, POS_INDEX, ZUG_ID, ANKUNFTSZEIT, ABFAHRTSZEIT, GLEIS) values (21, 21, 0, 21, NULL, TO_DATE('1970-01-01 07:00','YYYY-MM-DD HH24:MI'), 1);
insert into VERBINDUNG (VERBINDUNGS_ID, STRECKEN_ID, POS_INDEX, ZUG_ID, ANKUNFTSZEIT, ABFAHRTSZEIT, GLEIS) values (22, 22, 0, 22, NULL, TO_DATE('1970-01-01 07:00','YYYY-MM-DD HH24:MI'), 2);
insert into VERBINDUNG (VERBINDUNGS_ID, STRECKEN_ID, POS_INDEX, ZUG_ID, ANKUNFTSZEIT, ABFAHRTSZEIT, GLEIS) values (23, 23, 0, 23, NULL, TO_DATE('1970-01-01 07:00','YYYY-MM-DD HH24:MI'), 3);
insert into VERBINDUNG (VERBINDUNGS_ID, STRECKEN_ID, POS_INDEX, ZUG_ID, ANKUNFTSZEIT, ABFAHRTSZEIT, GLEIS) values (24, 24, 0, 24, NULL, TO_DATE('1970-01-01 07:00','YYYY-MM-DD HH24:MI'), 5);
insert into VERBINDUNG (VERBINDUNGS_ID, STRECKEN_ID, POS_INDEX, ZUG_ID, ANKUNFTSZEIT, ABFAHRTSZEIT, GLEIS) values (25, 25, 0, 25, NULL, TO_DATE('1970-01-01 07:00','YYYY-MM-DD HH24:MI'), 4);
insert into VERBINDUNG (VERBINDUNGS_ID, STRECKEN_ID, POS_INDEX, ZUG_ID, ANKUNFTSZEIT, ABFAHRTSZEIT, GLEIS) values (26, 26, 0, 26, NULL, TO_DATE('1970-01-01 07:00','YYYY-MM-DD HH24:MI'), 3);
insert into VERBINDUNG (VERBINDUNGS_ID, STRECKEN_ID, POS_INDEX, ZUG_ID, ANKUNFTSZEIT, ABFAHRTSZEIT, GLEIS) values (27, 27, 0, 27, NULL, TO_DATE('1970-01-01 07:00','YYYY-MM-DD HH24:MI'), 1);
insert into VERBINDUNG (VERBINDUNGS_ID, STRECKEN_ID, POS_INDEX, ZUG_ID, ANKUNFTSZEIT, ABFAHRTSZEIT, GLEIS) values (28, 28, 0, 28, NULL, TO_DATE('1970-01-01 07:00','YYYY-MM-DD HH24:MI'), 5);
insert into VERBINDUNG (VERBINDUNGS_ID, STRECKEN_ID, POS_INDEX, ZUG_ID, ANKUNFTSZEIT, ABFAHRTSZEIT, GLEIS) values (29, 29, 0, 29, NULL, TO_DATE('1970-01-01 07:00','YYYY-MM-DD HH24:MI'), 5);
insert into VERBINDUNG (VERBINDUNGS_ID, STRECKEN_ID, POS_INDEX, ZUG_ID, ANKUNFTSZEIT, ABFAHRTSZEIT, GLEIS) values (30, 30, 0, 30, NULL, TO_DATE('1970-01-01 07:00','YYYY-MM-DD HH24:MI'), 5);
insert into VERBINDUNG (VERBINDUNGS_ID, STRECKEN_ID, POS_INDEX, ZUG_ID, ANKUNFTSZEIT, ABFAHRTSZEIT, GLEIS) values (31, 31, 0, 31, NULL, TO_DATE('1970-01-01 07:00','YYYY-MM-DD HH24:MI'), 3);
insert into VERBINDUNG (VERBINDUNGS_ID, STRECKEN_ID, POS_INDEX, ZUG_ID, ANKUNFTSZEIT, ABFAHRTSZEIT, GLEIS) values (32, 32, 0, 32, NULL, TO_DATE('1970-01-01 07:00','YYYY-MM-DD HH24:MI'), 1);
insert into VERBINDUNG (VERBINDUNGS_ID, STRECKEN_ID, POS_INDEX, ZUG_ID, ANKUNFTSZEIT, ABFAHRTSZEIT, GLEIS) values (33, 33, 0, 33, NULL, TO_DATE('1970-01-01 07:00','YYYY-MM-DD HH24:MI'), 1);
insert into VERBINDUNG (VERBINDUNGS_ID, STRECKEN_ID, POS_INDEX, ZUG_ID, ANKUNFTSZEIT, ABFAHRTSZEIT, GLEIS) values (34, 34, 0, 34, NULL, TO_DATE('1970-01-01 07:00','YYYY-MM-DD HH24:MI'), 4);
insert into VERBINDUNG (VERBINDUNGS_ID, STRECKEN_ID, POS_INDEX, ZUG_ID, ANKUNFTSZEIT, ABFAHRTSZEIT, GLEIS) values (35, 35, 0, 35, NULL, TO_DATE('1970-01-01 07:00','YYYY-MM-DD HH24:MI'), 2);
insert into VERBINDUNG (VERBINDUNGS_ID, STRECKEN_ID, POS_INDEX, ZUG_ID, ANKUNFTSZEIT, ABFAHRTSZEIT, GLEIS) values (36, 36, 0, 36, NULL, TO_DATE('1970-01-01 07:00','YYYY-MM-DD HH24:MI'), 5);
insert into VERBINDUNG (VERBINDUNGS_ID, STRECKEN_ID, POS_INDEX, ZUG_ID, ANKUNFTSZEIT, ABFAHRTSZEIT, GLEIS) values (37, 37, 0, 37, NULL, TO_DATE('1970-01-01 07:00','YYYY-MM-DD HH24:MI'), 4);
insert into VERBINDUNG (VERBINDUNGS_ID, STRECKEN_ID, POS_INDEX, ZUG_ID, ANKUNFTSZEIT, ABFAHRTSZEIT, GLEIS) values (38, 38, 0, 38, NULL, TO_DATE('1970-01-01 07:00','YYYY-MM-DD HH24:MI'), 5);
insert into VERBINDUNG (VERBINDUNGS_ID, STRECKEN_ID, POS_INDEX, ZUG_ID, ANKUNFTSZEIT, ABFAHRTSZEIT, GLEIS) values (39, 39, 0, 39, NULL, TO_DATE('1970-01-01 07:00','YYYY-MM-DD HH24:MI'), 5);
insert into VERBINDUNG (VERBINDUNGS_ID, STRECKEN_ID, POS_INDEX, ZUG_ID, ANKUNFTSZEIT, ABFAHRTSZEIT, GLEIS) values (40, 40, 0, 40, NULL, TO_DATE('1970-01-01 07:00','YYYY-MM-DD HH24:MI'), 2);
insert into VERBINDUNG (VERBINDUNGS_ID, STRECKEN_ID, POS_INDEX, ZUG_ID, ANKUNFTSZEIT, ABFAHRTSZEIT, GLEIS) values (41, 41, 0, 41, NULL, TO_DATE('1970-01-01 07:00','YYYY-MM-DD HH24:MI'), 2);
insert into VERBINDUNG (VERBINDUNGS_ID, STRECKEN_ID, POS_INDEX, ZUG_ID, ANKUNFTSZEIT, ABFAHRTSZEIT, GLEIS) values (42, 42, 0, 42, NULL, TO_DATE('1970-01-01 07:00','YYYY-MM-DD HH24:MI'), 5);
insert into VERBINDUNG (VERBINDUNGS_ID, STRECKEN_ID, POS_INDEX, ZUG_ID, ANKUNFTSZEIT, ABFAHRTSZEIT, GLEIS) values (43, 43, 0, 43, NULL, TO_DATE('1970-01-01 07:00','YYYY-MM-DD HH24:MI'), 5);
insert into VERBINDUNG (VERBINDUNGS_ID, STRECKEN_ID, POS_INDEX, ZUG_ID, ANKUNFTSZEIT, ABFAHRTSZEIT, GLEIS) values (44, 44, 0, 44, NULL, TO_DATE('1970-01-01 07:00','YYYY-MM-DD HH24:MI'), 2);
insert into VERBINDUNG (VERBINDUNGS_ID, STRECKEN_ID, POS_INDEX, ZUG_ID, ANKUNFTSZEIT, ABFAHRTSZEIT, GLEIS) values (45, 45, 0, 45, NULL, TO_DATE('1970-01-01 07:00','YYYY-MM-DD HH24:MI'), 3);
insert into VERBINDUNG (VERBINDUNGS_ID, STRECKEN_ID, POS_INDEX, ZUG_ID, ANKUNFTSZEIT, ABFAHRTSZEIT, GLEIS) values (46, 46, 0, 46, NULL, TO_DATE('1970-01-01 07:00','YYYY-MM-DD HH24:MI'), 5);
insert into VERBINDUNG (VERBINDUNGS_ID, STRECKEN_ID, POS_INDEX, ZUG_ID, ANKUNFTSZEIT, ABFAHRTSZEIT, GLEIS) values (47, 47, 0, 47, NULL, TO_DATE('1970-01-01 07:00','YYYY-MM-DD HH24:MI'), 2);
insert into VERBINDUNG (VERBINDUNGS_ID, STRECKEN_ID, POS_INDEX, ZUG_ID, ANKUNFTSZEIT, ABFAHRTSZEIT, GLEIS) values (48, 48, 0, 48, NULL, TO_DATE('1970-01-01 07:00','YYYY-MM-DD HH24:MI'), 3);
insert into VERBINDUNG (VERBINDUNGS_ID, STRECKEN_ID, POS_INDEX, ZUG_ID, ANKUNFTSZEIT, ABFAHRTSZEIT, GLEIS) values (49, 49, 0, 49, NULL, TO_DATE('1970-01-01 07:00','YYYY-MM-DD HH24:MI'), 1);
insert into VERBINDUNG (VERBINDUNGS_ID, STRECKEN_ID, POS_INDEX, ZUG_ID, ANKUNFTSZEIT, ABFAHRTSZEIT, GLEIS) values (50, 50, 0, 50, NULL, TO_DATE('1970-01-01 07:00','YYYY-MM-DD HH24:MI'), 3);
--arrival
insert into VERBINDUNG (VERBINDUNGS_ID, STRECKEN_ID, POS_INDEX, ZUG_ID, ANKUNFTSZEIT, ABFAHRTSZEIT, GLEIS) values (51, 1, 1, 1, TO_DATE('1970-01-01 08:00','YYYY-MM-DD HH24:MI'), NULL, 11);
insert into VERBINDUNG (VERBINDUNGS_ID, STRECKEN_ID, POS_INDEX, ZUG_ID, ANKUNFTSZEIT, ABFAHRTSZEIT, GLEIS) values (52, 2, 1, 2, TO_DATE('1970-01-01 08:00','YYYY-MM-DD HH24:MI'), NULL, 8);
insert into VERBINDUNG (VERBINDUNGS_ID, STRECKEN_ID, POS_INDEX, ZUG_ID, ANKUNFTSZEIT, ABFAHRTSZEIT, GLEIS) values (53, 3, 1, 3, TO_DATE('1970-01-01 08:00','YYYY-MM-DD HH24:MI'), NULL, 10);
insert into VERBINDUNG (VERBINDUNGS_ID, STRECKEN_ID, POS_INDEX, ZUG_ID, ANKUNFTSZEIT, ABFAHRTSZEIT, GLEIS) values (54, 4, 1, 4, TO_DATE('1970-01-01 08:00','YYYY-MM-DD HH24:MI'), NULL, 7);
insert into VERBINDUNG (VERBINDUNGS_ID, STRECKEN_ID, POS_INDEX, ZUG_ID, ANKUNFTSZEIT, ABFAHRTSZEIT, GLEIS) values (55, 5, 1, 5, TO_DATE('1970-01-01 08:00','YYYY-MM-DD HH24:MI'), NULL, 11);
insert into VERBINDUNG (VERBINDUNGS_ID, STRECKEN_ID, POS_INDEX, ZUG_ID, ANKUNFTSZEIT, ABFAHRTSZEIT, GLEIS) values (56, 6, 1, 6, TO_DATE('1970-01-01 08:00','YYYY-MM-DD HH24:MI'), NULL, 9);
insert into VERBINDUNG (VERBINDUNGS_ID, STRECKEN_ID, POS_INDEX, ZUG_ID, ANKUNFTSZEIT, ABFAHRTSZEIT, GLEIS) values (57, 7, 1, 7, TO_DATE('1970-01-01 08:00','YYYY-MM-DD HH24:MI'), NULL, 11);
insert into VERBINDUNG (VERBINDUNGS_ID, STRECKEN_ID, POS_INDEX, ZUG_ID, ANKUNFTSZEIT, ABFAHRTSZEIT, GLEIS) values (58, 8, 1, 8, TO_DATE('1970-01-01 08:00','YYYY-MM-DD HH24:MI'), NULL, 9);
insert into VERBINDUNG (VERBINDUNGS_ID, STRECKEN_ID, POS_INDEX, ZUG_ID, ANKUNFTSZEIT, ABFAHRTSZEIT, GLEIS) values (59, 9, 1, 9, TO_DATE('1970-01-01 08:00','YYYY-MM-DD HH24:MI'), NULL, 9);
insert into VERBINDUNG (VERBINDUNGS_ID, STRECKEN_ID, POS_INDEX, ZUG_ID, ANKUNFTSZEIT, ABFAHRTSZEIT, GLEIS) values (60, 10, 1, 10, TO_DATE('1970-01-01 08:00','YYYY-MM-DD HH24:MI'), NULL, 7);
insert into VERBINDUNG (VERBINDUNGS_ID, STRECKEN_ID, POS_INDEX, ZUG_ID, ANKUNFTSZEIT, ABFAHRTSZEIT, GLEIS) values (61, 11, 1, 11, TO_DATE('1970-01-01 08:00','YYYY-MM-DD HH24:MI'), NULL, 8);
insert into VERBINDUNG (VERBINDUNGS_ID, STRECKEN_ID, POS_INDEX, ZUG_ID, ANKUNFTSZEIT, ABFAHRTSZEIT, GLEIS) values (62, 12, 1, 12, TO_DATE('1970-01-01 08:00','YYYY-MM-DD HH24:MI'), NULL, 9);
insert into VERBINDUNG (VERBINDUNGS_ID, STRECKEN_ID, POS_INDEX, ZUG_ID, ANKUNFTSZEIT, ABFAHRTSZEIT, GLEIS) values (63, 13, 1, 13, TO_DATE('1970-01-01 08:00','YYYY-MM-DD HH24:MI'), NULL, 6);
insert into VERBINDUNG (VERBINDUNGS_ID, STRECKEN_ID, POS_INDEX, ZUG_ID, ANKUNFTSZEIT, ABFAHRTSZEIT, GLEIS) values (64, 14, 1, 14, TO_DATE('1970-01-01 08:00','YYYY-MM-DD HH24:MI'), NULL, 7);
insert into VERBINDUNG (VERBINDUNGS_ID, STRECKEN_ID, POS_INDEX, ZUG_ID, ANKUNFTSZEIT, ABFAHRTSZEIT, GLEIS) values (65, 15, 1, 15, TO_DATE('1970-01-01 08:00','YYYY-MM-DD HH24:MI'), NULL, 9);
insert into VERBINDUNG (VERBINDUNGS_ID, STRECKEN_ID, POS_INDEX, ZUG_ID, ANKUNFTSZEIT, ABFAHRTSZEIT, GLEIS) values (66, 16, 1, 16, TO_DATE('1970-01-01 08:00','YYYY-MM-DD HH24:MI'), NULL, 9);
insert into VERBINDUNG (VERBINDUNGS_ID, STRECKEN_ID, POS_INDEX, ZUG_ID, ANKUNFTSZEIT, ABFAHRTSZEIT, GLEIS) values (67, 17, 1, 17, TO_DATE('1970-01-01 08:00','YYYY-MM-DD HH24:MI'), NULL, 10);
insert into VERBINDUNG (VERBINDUNGS_ID, STRECKEN_ID, POS_INDEX, ZUG_ID, ANKUNFTSZEIT, ABFAHRTSZEIT, GLEIS) values (68, 18, 1, 18, TO_DATE('1970-01-01 08:00','YYYY-MM-DD HH24:MI'), NULL, 6);
insert into VERBINDUNG (VERBINDUNGS_ID, STRECKEN_ID, POS_INDEX, ZUG_ID, ANKUNFTSZEIT, ABFAHRTSZEIT, GLEIS) values (69, 19, 1, 19, TO_DATE('1970-01-01 08:00','YYYY-MM-DD HH24:MI'), NULL, 9);
insert into VERBINDUNG (VERBINDUNGS_ID, STRECKEN_ID, POS_INDEX, ZUG_ID, ANKUNFTSZEIT, ABFAHRTSZEIT, GLEIS) values (70, 20, 1, 20, TO_DATE('1970-01-01 08:00','YYYY-MM-DD HH24:MI'), NULL, 10);
insert into VERBINDUNG (VERBINDUNGS_ID, STRECKEN_ID, POS_INDEX, ZUG_ID, ANKUNFTSZEIT, ABFAHRTSZEIT, GLEIS) values (71, 21, 1, 21, TO_DATE('1970-01-01 08:00','YYYY-MM-DD HH24:MI'), NULL, 11);
insert into VERBINDUNG (VERBINDUNGS_ID, STRECKEN_ID, POS_INDEX, ZUG_ID, ANKUNFTSZEIT, ABFAHRTSZEIT, GLEIS) values (72, 22, 1, 22, TO_DATE('1970-01-01 08:00','YYYY-MM-DD HH24:MI'), NULL, 10);
insert into VERBINDUNG (VERBINDUNGS_ID, STRECKEN_ID, POS_INDEX, ZUG_ID, ANKUNFTSZEIT, ABFAHRTSZEIT, GLEIS) values (73, 23, 1, 23, TO_DATE('1970-01-01 08:00','YYYY-MM-DD HH24:MI'), NULL, 7);
insert into VERBINDUNG (VERBINDUNGS_ID, STRECKEN_ID, POS_INDEX, ZUG_ID, ANKUNFTSZEIT, ABFAHRTSZEIT, GLEIS) values (74, 24, 1, 24, TO_DATE('1970-01-01 08:00','YYYY-MM-DD HH24:MI'), NULL, 11);
insert into VERBINDUNG (VERBINDUNGS_ID, STRECKEN_ID, POS_INDEX, ZUG_ID, ANKUNFTSZEIT, ABFAHRTSZEIT, GLEIS) values (75, 25, 1, 25, TO_DATE('1970-01-01 08:00','YYYY-MM-DD HH24:MI'), NULL, 7);
insert into VERBINDUNG (VERBINDUNGS_ID, STRECKEN_ID, POS_INDEX, ZUG_ID, ANKUNFTSZEIT, ABFAHRTSZEIT, GLEIS) values (76, 26, 1, 26, TO_DATE('1970-01-01 08:00','YYYY-MM-DD HH24:MI'), NULL, 6);
insert into VERBINDUNG (VERBINDUNGS_ID, STRECKEN_ID, POS_INDEX, ZUG_ID, ANKUNFTSZEIT, ABFAHRTSZEIT, GLEIS) values (77, 27, 1, 27, TO_DATE('1970-01-01 08:00','YYYY-MM-DD HH24:MI'), NULL, 8);
insert into VERBINDUNG (VERBINDUNGS_ID, STRECKEN_ID, POS_INDEX, ZUG_ID, ANKUNFTSZEIT, ABFAHRTSZEIT, GLEIS) values (78, 28, 1, 28, TO_DATE('1970-01-01 08:00','YYYY-MM-DD HH24:MI'), NULL, 6);
insert into VERBINDUNG (VERBINDUNGS_ID, STRECKEN_ID, POS_INDEX, ZUG_ID, ANKUNFTSZEIT, ABFAHRTSZEIT, GLEIS) values (79, 29, 1, 29, TO_DATE('1970-01-01 08:00','YYYY-MM-DD HH24:MI'), NULL, 9);
insert into VERBINDUNG (VERBINDUNGS_ID, STRECKEN_ID, POS_INDEX, ZUG_ID, ANKUNFTSZEIT, ABFAHRTSZEIT, GLEIS) values (80, 30, 1, 30, TO_DATE('1970-01-01 08:00','YYYY-MM-DD HH24:MI'), NULL, 8);
insert into VERBINDUNG (VERBINDUNGS_ID, STRECKEN_ID, POS_INDEX, ZUG_ID, ANKUNFTSZEIT, ABFAHRTSZEIT, GLEIS) values (81, 31, 1, 31, TO_DATE('1970-01-01 08:00','YYYY-MM-DD HH24:MI'), NULL, 7);
insert into VERBINDUNG (VERBINDUNGS_ID, STRECKEN_ID, POS_INDEX, ZUG_ID, ANKUNFTSZEIT, ABFAHRTSZEIT, GLEIS) values (82, 32, 1, 32, TO_DATE('1970-01-01 08:00','YYYY-MM-DD HH24:MI'), NULL, 9);
insert into VERBINDUNG (VERBINDUNGS_ID, STRECKEN_ID, POS_INDEX, ZUG_ID, ANKUNFTSZEIT, ABFAHRTSZEIT, GLEIS) values (83, 33, 1, 33, TO_DATE('1970-01-01 08:00','YYYY-MM-DD HH24:MI'), NULL, 10);
insert into VERBINDUNG (VERBINDUNGS_ID, STRECKEN_ID, POS_INDEX, ZUG_ID, ANKUNFTSZEIT, ABFAHRTSZEIT, GLEIS) values (84, 34, 1, 34, TO_DATE('1970-01-01 08:00','YYYY-MM-DD HH24:MI'), NULL, 9);
insert into VERBINDUNG (VERBINDUNGS_ID, STRECKEN_ID, POS_INDEX, ZUG_ID, ANKUNFTSZEIT, ABFAHRTSZEIT, GLEIS) values (85, 35, 1, 35, TO_DATE('1970-01-01 08:00','YYYY-MM-DD HH24:MI'), NULL, 11);
insert into VERBINDUNG (VERBINDUNGS_ID, STRECKEN_ID, POS_INDEX, ZUG_ID, ANKUNFTSZEIT, ABFAHRTSZEIT, GLEIS) values (86, 36, 1, 36, TO_DATE('1970-01-01 08:00','YYYY-MM-DD HH24:MI'), NULL, 7);
insert into VERBINDUNG (VERBINDUNGS_ID, STRECKEN_ID, POS_INDEX, ZUG_ID, ANKUNFTSZEIT, ABFAHRTSZEIT, GLEIS) values (87, 37, 1, 37, TO_DATE('1970-01-01 08:00','YYYY-MM-DD HH24:MI'), NULL, 9);
insert into VERBINDUNG (VERBINDUNGS_ID, STRECKEN_ID, POS_INDEX, ZUG_ID, ANKUNFTSZEIT, ABFAHRTSZEIT, GLEIS) values (88, 38, 1, 38, TO_DATE('1970-01-01 08:00','YYYY-MM-DD HH24:MI'), NULL, 8);
insert into VERBINDUNG (VERBINDUNGS_ID, STRECKEN_ID, POS_INDEX, ZUG_ID, ANKUNFTSZEIT, ABFAHRTSZEIT, GLEIS) values (89, 39, 1, 39, TO_DATE('1970-01-01 08:00','YYYY-MM-DD HH24:MI'), NULL, 11);
insert into VERBINDUNG (VERBINDUNGS_ID, STRECKEN_ID, POS_INDEX, ZUG_ID, ANKUNFTSZEIT, ABFAHRTSZEIT, GLEIS) values (90, 40, 1, 40, TO_DATE('1970-01-01 08:00','YYYY-MM-DD HH24:MI'), NULL, 9);
insert into VERBINDUNG (VERBINDUNGS_ID, STRECKEN_ID, POS_INDEX, ZUG_ID, ANKUNFTSZEIT, ABFAHRTSZEIT, GLEIS) values (91, 41, 1, 41, TO_DATE('1970-01-01 08:00','YYYY-MM-DD HH24:MI'), NULL, 9);
insert into VERBINDUNG (VERBINDUNGS_ID, STRECKEN_ID, POS_INDEX, ZUG_ID, ANKUNFTSZEIT, ABFAHRTSZEIT, GLEIS) values (92, 42, 1, 42, TO_DATE('1970-01-01 08:00','YYYY-MM-DD HH24:MI'), NULL, 7);
insert into VERBINDUNG (VERBINDUNGS_ID, STRECKEN_ID, POS_INDEX, ZUG_ID, ANKUNFTSZEIT, ABFAHRTSZEIT, GLEIS) values (93, 43, 1, 43, TO_DATE('1970-01-01 08:00','YYYY-MM-DD HH24:MI'), NULL, 6);
insert into VERBINDUNG (VERBINDUNGS_ID, STRECKEN_ID, POS_INDEX, ZUG_ID, ANKUNFTSZEIT, ABFAHRTSZEIT, GLEIS) values (94, 44, 1, 44, TO_DATE('1970-01-01 08:00','YYYY-MM-DD HH24:MI'), NULL, 6);
insert into VERBINDUNG (VERBINDUNGS_ID, STRECKEN_ID, POS_INDEX, ZUG_ID, ANKUNFTSZEIT, ABFAHRTSZEIT, GLEIS) values (95, 45, 1, 45, TO_DATE('1970-01-01 08:00','YYYY-MM-DD HH24:MI'), NULL, 11);
insert into VERBINDUNG (VERBINDUNGS_ID, STRECKEN_ID, POS_INDEX, ZUG_ID, ANKUNFTSZEIT, ABFAHRTSZEIT, GLEIS) values (96, 46, 1, 46, TO_DATE('1970-01-01 08:00','YYYY-MM-DD HH24:MI'), NULL, 8);
insert into VERBINDUNG (VERBINDUNGS_ID, STRECKEN_ID, POS_INDEX, ZUG_ID, ANKUNFTSZEIT, ABFAHRTSZEIT, GLEIS) values (97, 47, 1, 47, TO_DATE('1970-01-01 08:00','YYYY-MM-DD HH24:MI'), NULL, 10);
insert into VERBINDUNG (VERBINDUNGS_ID, STRECKEN_ID, POS_INDEX, ZUG_ID, ANKUNFTSZEIT, ABFAHRTSZEIT, GLEIS) values (98, 48, 1, 48, TO_DATE('1970-01-01 08:00','YYYY-MM-DD HH24:MI'), NULL, 10);
insert into VERBINDUNG (VERBINDUNGS_ID, STRECKEN_ID, POS_INDEX, ZUG_ID, ANKUNFTSZEIT, ABFAHRTSZEIT, GLEIS) values (99, 49, 1, 49, TO_DATE('1970-01-01 08:00','YYYY-MM-DD HH24:MI'), NULL, 7);
insert into VERBINDUNG (VERBINDUNGS_ID, STRECKEN_ID, POS_INDEX, ZUG_ID, ANKUNFTSZEIT, ABFAHRTSZEIT, GLEIS) values (100, 50, 1, 50, TO_DATE('1970-01-01 08:00','YYYY-MM-DD HH24:MI'), NULL, 10);

--MITFAHRER
insert into MITFAHRER (VERBINDUNGS_ID, MITARBEITER_ID) values (1, 1);
insert into MITFAHRER (VERBINDUNGS_ID, MITARBEITER_ID) values (2, 2);
insert into MITFAHRER (VERBINDUNGS_ID, MITARBEITER_ID) values (3, 3);
insert into MITFAHRER (VERBINDUNGS_ID, MITARBEITER_ID) values (4, 4);
insert into MITFAHRER (VERBINDUNGS_ID, MITARBEITER_ID) values (5, 5);
insert into MITFAHRER (VERBINDUNGS_ID, MITARBEITER_ID) values (6, 6);
insert into MITFAHRER (VERBINDUNGS_ID, MITARBEITER_ID) values (7, 7);
insert into MITFAHRER (VERBINDUNGS_ID, MITARBEITER_ID) values (8, 8);
insert into MITFAHRER (VERBINDUNGS_ID, MITARBEITER_ID) values (9, 9);
insert into MITFAHRER (VERBINDUNGS_ID, MITARBEITER_ID) values (10, 10);
insert into MITFAHRER (VERBINDUNGS_ID, MITARBEITER_ID) values (11, 11);
insert into MITFAHRER (VERBINDUNGS_ID, MITARBEITER_ID) values (12, 12);
insert into MITFAHRER (VERBINDUNGS_ID, MITARBEITER_ID) values (13, 13);
insert into MITFAHRER (VERBINDUNGS_ID, MITARBEITER_ID) values (14, 14);
insert into MITFAHRER (VERBINDUNGS_ID, MITARBEITER_ID) values (15, 15);
insert into MITFAHRER (VERBINDUNGS_ID, MITARBEITER_ID) values (16, 16);
insert into MITFAHRER (VERBINDUNGS_ID, MITARBEITER_ID) values (17, 17);
insert into MITFAHRER (VERBINDUNGS_ID, MITARBEITER_ID) values (18, 18);
insert into MITFAHRER (VERBINDUNGS_ID, MITARBEITER_ID) values (19, 19);
insert into MITFAHRER (VERBINDUNGS_ID, MITARBEITER_ID) values (20, 20);
insert into MITFAHRER (VERBINDUNGS_ID, MITARBEITER_ID) values (21, 21);
insert into MITFAHRER (VERBINDUNGS_ID, MITARBEITER_ID) values (22, 22);
insert into MITFAHRER (VERBINDUNGS_ID, MITARBEITER_ID) values (23, 23);
insert into MITFAHRER (VERBINDUNGS_ID, MITARBEITER_ID) values (24, 24);
insert into MITFAHRER (VERBINDUNGS_ID, MITARBEITER_ID) values (25, 25);
insert into MITFAHRER (VERBINDUNGS_ID, MITARBEITER_ID) values (26, 26);
insert into MITFAHRER (VERBINDUNGS_ID, MITARBEITER_ID) values (27, 27);
insert into MITFAHRER (VERBINDUNGS_ID, MITARBEITER_ID) values (28, 28);
insert into MITFAHRER (VERBINDUNGS_ID, MITARBEITER_ID) values (29, 29);
insert into MITFAHRER (VERBINDUNGS_ID, MITARBEITER_ID) values (30, 30);
insert into MITFAHRER (VERBINDUNGS_ID, MITARBEITER_ID) values (31, 31);
insert into MITFAHRER (VERBINDUNGS_ID, MITARBEITER_ID) values (32, 32);
insert into MITFAHRER (VERBINDUNGS_ID, MITARBEITER_ID) values (33, 33);
insert into MITFAHRER (VERBINDUNGS_ID, MITARBEITER_ID) values (34, 34);
insert into MITFAHRER (VERBINDUNGS_ID, MITARBEITER_ID) values (35, 35);
insert into MITFAHRER (VERBINDUNGS_ID, MITARBEITER_ID) values (36, 36);
insert into MITFAHRER (VERBINDUNGS_ID, MITARBEITER_ID) values (37, 37);
insert into MITFAHRER (VERBINDUNGS_ID, MITARBEITER_ID) values (38, 38);
insert into MITFAHRER (VERBINDUNGS_ID, MITARBEITER_ID) values (39, 39);
insert into MITFAHRER (VERBINDUNGS_ID, MITARBEITER_ID) values (40, 40);
insert into MITFAHRER (VERBINDUNGS_ID, MITARBEITER_ID) values (41, 41);
insert into MITFAHRER (VERBINDUNGS_ID, MITARBEITER_ID) values (42, 42);
insert into MITFAHRER (VERBINDUNGS_ID, MITARBEITER_ID) values (43, 43);
insert into MITFAHRER (VERBINDUNGS_ID, MITARBEITER_ID) values (44, 44);
insert into MITFAHRER (VERBINDUNGS_ID, MITARBEITER_ID) values (45, 45);
insert into MITFAHRER (VERBINDUNGS_ID, MITARBEITER_ID) values (46, 46);
insert into MITFAHRER (VERBINDUNGS_ID, MITARBEITER_ID) values (47, 47);
insert into MITFAHRER (VERBINDUNGS_ID, MITARBEITER_ID) values (48, 48);
insert into MITFAHRER (VERBINDUNGS_ID, MITARBEITER_ID) values (49, 49);
insert into MITFAHRER (VERBINDUNGS_ID, MITARBEITER_ID) values (50, 50);
insert into MITFAHRER (VERBINDUNGS_ID, MITARBEITER_ID) values (51, 51);
insert into MITFAHRER (VERBINDUNGS_ID, MITARBEITER_ID) values (52, 52);
insert into MITFAHRER (VERBINDUNGS_ID, MITARBEITER_ID) values (53, 53);
insert into MITFAHRER (VERBINDUNGS_ID, MITARBEITER_ID) values (54, 54);
insert into MITFAHRER (VERBINDUNGS_ID, MITARBEITER_ID) values (55, 55);
insert into MITFAHRER (VERBINDUNGS_ID, MITARBEITER_ID) values (56, 56);
insert into MITFAHRER (VERBINDUNGS_ID, MITARBEITER_ID) values (57, 57);
insert into MITFAHRER (VERBINDUNGS_ID, MITARBEITER_ID) values (58, 58);
insert into MITFAHRER (VERBINDUNGS_ID, MITARBEITER_ID) values (59, 59);
insert into MITFAHRER (VERBINDUNGS_ID, MITARBEITER_ID) values (60, 60);
insert into MITFAHRER (VERBINDUNGS_ID, MITARBEITER_ID) values (61, 61);
insert into MITFAHRER (VERBINDUNGS_ID, MITARBEITER_ID) values (62, 62);
insert into MITFAHRER (VERBINDUNGS_ID, MITARBEITER_ID) values (63, 63);
insert into MITFAHRER (VERBINDUNGS_ID, MITARBEITER_ID) values (64, 64);
insert into MITFAHRER (VERBINDUNGS_ID, MITARBEITER_ID) values (65, 65);
insert into MITFAHRER (VERBINDUNGS_ID, MITARBEITER_ID) values (66, 66);
insert into MITFAHRER (VERBINDUNGS_ID, MITARBEITER_ID) values (67, 67);
insert into MITFAHRER (VERBINDUNGS_ID, MITARBEITER_ID) values (68, 68);
insert into MITFAHRER (VERBINDUNGS_ID, MITARBEITER_ID) values (69, 69);
insert into MITFAHRER (VERBINDUNGS_ID, MITARBEITER_ID) values (70, 70);
insert into MITFAHRER (VERBINDUNGS_ID, MITARBEITER_ID) values (71, 71);
insert into MITFAHRER (VERBINDUNGS_ID, MITARBEITER_ID) values (72, 72);
insert into MITFAHRER (VERBINDUNGS_ID, MITARBEITER_ID) values (73, 73);
insert into MITFAHRER (VERBINDUNGS_ID, MITARBEITER_ID) values (74, 74);
insert into MITFAHRER (VERBINDUNGS_ID, MITARBEITER_ID) values (75, 75);
insert into MITFAHRER (VERBINDUNGS_ID, MITARBEITER_ID) values (76, 76);
insert into MITFAHRER (VERBINDUNGS_ID, MITARBEITER_ID) values (77, 77);
insert into MITFAHRER (VERBINDUNGS_ID, MITARBEITER_ID) values (78, 78);
insert into MITFAHRER (VERBINDUNGS_ID, MITARBEITER_ID) values (79, 79);
insert into MITFAHRER (VERBINDUNGS_ID, MITARBEITER_ID) values (80, 80);
insert into MITFAHRER (VERBINDUNGS_ID, MITARBEITER_ID) values (81, 81);
insert into MITFAHRER (VERBINDUNGS_ID, MITARBEITER_ID) values (82, 82);
insert into MITFAHRER (VERBINDUNGS_ID, MITARBEITER_ID) values (83, 83);
insert into MITFAHRER (VERBINDUNGS_ID, MITARBEITER_ID) values (84, 84);
insert into MITFAHRER (VERBINDUNGS_ID, MITARBEITER_ID) values (85, 85);
insert into MITFAHRER (VERBINDUNGS_ID, MITARBEITER_ID) values (86, 86);
insert into MITFAHRER (VERBINDUNGS_ID, MITARBEITER_ID) values (87, 87);
insert into MITFAHRER (VERBINDUNGS_ID, MITARBEITER_ID) values (88, 88);
insert into MITFAHRER (VERBINDUNGS_ID, MITARBEITER_ID) values (89, 89);
insert into MITFAHRER (VERBINDUNGS_ID, MITARBEITER_ID) values (90, 90);
insert into MITFAHRER (VERBINDUNGS_ID, MITARBEITER_ID) values (91, 91);
insert into MITFAHRER (VERBINDUNGS_ID, MITARBEITER_ID) values (92, 92);
insert into MITFAHRER (VERBINDUNGS_ID, MITARBEITER_ID) values (93, 93);
insert into MITFAHRER (VERBINDUNGS_ID, MITARBEITER_ID) values (94, 94);
insert into MITFAHRER (VERBINDUNGS_ID, MITARBEITER_ID) values (95, 95);
insert into MITFAHRER (VERBINDUNGS_ID, MITARBEITER_ID) values (96, 96);
insert into MITFAHRER (VERBINDUNGS_ID, MITARBEITER_ID) values (97, 97);
insert into MITFAHRER (VERBINDUNGS_ID, MITARBEITER_ID) values (98, 98);
insert into MITFAHRER (VERBINDUNGS_ID, MITARBEITER_ID) values (99, 99);
insert into MITFAHRER (VERBINDUNGS_ID, MITARBEITER_ID) values (100, 100);

--URLAUB
insert into URLAUB (MITARBEITER_ID, URLAUBSANFANG, URLAUBSENDE) values (1, '05-05-2018', '06-06-2018');
insert into URLAUB (MITARBEITER_ID, URLAUBSANFANG, URLAUBSENDE) values (2, '05-05-2018', '06-06-2018');
insert into URLAUB (MITARBEITER_ID, URLAUBSANFANG, URLAUBSENDE) values (3, '05-05-2018', '06-06-2018');
insert into URLAUB (MITARBEITER_ID, URLAUBSANFANG, URLAUBSENDE) values (4, '05-05-2018', '06-06-2018');
insert into URLAUB (MITARBEITER_ID, URLAUBSANFANG, URLAUBSENDE) values (5, '05-05-2018', '06-06-2018');
insert into URLAUB (MITARBEITER_ID, URLAUBSANFANG, URLAUBSENDE) values (6, '05-05-2018', '06-06-2018');
insert into URLAUB (MITARBEITER_ID, URLAUBSANFANG, URLAUBSENDE) values (7, '05-05-2018', '06-06-2018');
insert into URLAUB (MITARBEITER_ID, URLAUBSANFANG, URLAUBSENDE) values (8, '05-05-2018', '06-06-2018');
insert into URLAUB (MITARBEITER_ID, URLAUBSANFANG, URLAUBSENDE) values (9, '05-05-2018', '06-06-2018');
insert into URLAUB (MITARBEITER_ID, URLAUBSANFANG, URLAUBSENDE) values (10, '05-05-2018', '06-06-2018');
insert into URLAUB (MITARBEITER_ID, URLAUBSANFANG, URLAUBSENDE) values (11, '05-05-2018', '06-06-2018');
insert into URLAUB (MITARBEITER_ID, URLAUBSANFANG, URLAUBSENDE) values (12, '05-05-2018', '06-06-2018');
insert into URLAUB (MITARBEITER_ID, URLAUBSANFANG, URLAUBSENDE) values (13, '05-05-2018', '06-06-2018');
insert into URLAUB (MITARBEITER_ID, URLAUBSANFANG, URLAUBSENDE) values (14, '05-05-2018', '06-06-2018');
insert into URLAUB (MITARBEITER_ID, URLAUBSANFANG, URLAUBSENDE) values (15, '05-05-2018', '06-06-2018');
insert into URLAUB (MITARBEITER_ID, URLAUBSANFANG, URLAUBSENDE) values (16, '05-05-2018', '06-06-2018');
insert into URLAUB (MITARBEITER_ID, URLAUBSANFANG, URLAUBSENDE) values (17, '05-05-2018', '06-06-2018');
insert into URLAUB (MITARBEITER_ID, URLAUBSANFANG, URLAUBSENDE) values (18, '05-05-2018', '06-06-2018');
insert into URLAUB (MITARBEITER_ID, URLAUBSANFANG, URLAUBSENDE) values (19, '05-05-2018', '06-06-2018');
insert into URLAUB (MITARBEITER_ID, URLAUBSANFANG, URLAUBSENDE) values (20, '05-05-2018', '06-06-2018');
insert into URLAUB (MITARBEITER_ID, URLAUBSANFANG, URLAUBSENDE) values (21, '05-05-2018', '06-06-2018');
insert into URLAUB (MITARBEITER_ID, URLAUBSANFANG, URLAUBSENDE) values (22, '05-05-2018', '06-06-2018');
insert into URLAUB (MITARBEITER_ID, URLAUBSANFANG, URLAUBSENDE) values (23, '05-05-2018', '06-06-2018');
insert into URLAUB (MITARBEITER_ID, URLAUBSANFANG, URLAUBSENDE) values (24, '05-05-2018', '06-06-2018');
insert into URLAUB (MITARBEITER_ID, URLAUBSANFANG, URLAUBSENDE) values (25, '05-05-2018', '06-06-2018');
insert into URLAUB (MITARBEITER_ID, URLAUBSANFANG, URLAUBSENDE) values (26, '05-05-2018', '06-06-2018');
insert into URLAUB (MITARBEITER_ID, URLAUBSANFANG, URLAUBSENDE) values (27, '05-05-2018', '06-06-2018');
insert into URLAUB (MITARBEITER_ID, URLAUBSANFANG, URLAUBSENDE) values (28, '05-05-2018', '06-06-2018');
insert into URLAUB (MITARBEITER_ID, URLAUBSANFANG, URLAUBSENDE) values (29, '05-05-2018', '06-06-2018');
insert into URLAUB (MITARBEITER_ID, URLAUBSANFANG, URLAUBSENDE) values (30, '05-05-2018', '06-06-2018');
insert into URLAUB (MITARBEITER_ID, URLAUBSANFANG, URLAUBSENDE) values (31, '05-05-2018', '06-06-2018');
insert into URLAUB (MITARBEITER_ID, URLAUBSANFANG, URLAUBSENDE) values (32, '05-05-2018', '06-06-2018');
insert into URLAUB (MITARBEITER_ID, URLAUBSANFANG, URLAUBSENDE) values (33, '05-05-2018', '06-06-2018');
insert into URLAUB (MITARBEITER_ID, URLAUBSANFANG, URLAUBSENDE) values (34, '05-05-2018', '06-06-2018');
insert into URLAUB (MITARBEITER_ID, URLAUBSANFANG, URLAUBSENDE) values (35, '05-05-2018', '06-06-2018');
insert into URLAUB (MITARBEITER_ID, URLAUBSANFANG, URLAUBSENDE) values (36, '05-05-2018', '06-06-2018');
insert into URLAUB (MITARBEITER_ID, URLAUBSANFANG, URLAUBSENDE) values (37, '05-05-2018', '06-06-2018');
insert into URLAUB (MITARBEITER_ID, URLAUBSANFANG, URLAUBSENDE) values (38, '05-05-2018', '06-06-2018');
insert into URLAUB (MITARBEITER_ID, URLAUBSANFANG, URLAUBSENDE) values (39, '05-05-2018', '06-06-2018');
insert into URLAUB (MITARBEITER_ID, URLAUBSANFANG, URLAUBSENDE) values (40, '05-05-2018', '06-06-2018');
insert into URLAUB (MITARBEITER_ID, URLAUBSANFANG, URLAUBSENDE) values (41, '05-05-2018', '06-06-2018');
insert into URLAUB (MITARBEITER_ID, URLAUBSANFANG, URLAUBSENDE) values (42, '05-05-2018', '06-06-2018');
insert into URLAUB (MITARBEITER_ID, URLAUBSANFANG, URLAUBSENDE) values (43, '05-05-2018', '06-06-2018');
insert into URLAUB (MITARBEITER_ID, URLAUBSANFANG, URLAUBSENDE) values (44, '05-05-2018', '06-06-2018');
insert into URLAUB (MITARBEITER_ID, URLAUBSANFANG, URLAUBSENDE) values (45, '05-05-2018', '06-06-2018');
insert into URLAUB (MITARBEITER_ID, URLAUBSANFANG, URLAUBSENDE) values (46, '05-05-2018', '06-06-2018');
insert into URLAUB (MITARBEITER_ID, URLAUBSANFANG, URLAUBSENDE) values (47, '05-05-2018', '06-06-2018');
insert into URLAUB (MITARBEITER_ID, URLAUBSANFANG, URLAUBSENDE) values (48, '05-05-2018', '06-06-2018');
insert into URLAUB (MITARBEITER_ID, URLAUBSANFANG, URLAUBSENDE) values (49, '05-05-2018', '06-06-2018');
insert into URLAUB (MITARBEITER_ID, URLAUBSANFANG, URLAUBSENDE) values (50, '05-05-2018', '06-06-2018');
insert into URLAUB (MITARBEITER_ID, URLAUBSANFANG, URLAUBSENDE) values (51, '05-05-2018', '06-06-2018');
insert into URLAUB (MITARBEITER_ID, URLAUBSANFANG, URLAUBSENDE) values (52, '05-05-2018', '06-06-2018');
insert into URLAUB (MITARBEITER_ID, URLAUBSANFANG, URLAUBSENDE) values (53, '05-05-2018', '06-06-2018');
insert into URLAUB (MITARBEITER_ID, URLAUBSANFANG, URLAUBSENDE) values (54, '05-05-2018', '06-06-2018');
insert into URLAUB (MITARBEITER_ID, URLAUBSANFANG, URLAUBSENDE) values (55, '05-05-2018', '06-06-2018');
insert into URLAUB (MITARBEITER_ID, URLAUBSANFANG, URLAUBSENDE) values (56, '05-05-2018', '06-06-2018');
insert into URLAUB (MITARBEITER_ID, URLAUBSANFANG, URLAUBSENDE) values (57, '05-05-2018', '06-06-2018');
insert into URLAUB (MITARBEITER_ID, URLAUBSANFANG, URLAUBSENDE) values (58, '05-05-2018', '06-06-2018');
insert into URLAUB (MITARBEITER_ID, URLAUBSANFANG, URLAUBSENDE) values (59, '05-05-2018', '06-06-2018');
insert into URLAUB (MITARBEITER_ID, URLAUBSANFANG, URLAUBSENDE) values (60, '05-05-2018', '06-06-2018');
insert into URLAUB (MITARBEITER_ID, URLAUBSANFANG, URLAUBSENDE) values (61, '05-05-2018', '06-06-2018');
insert into URLAUB (MITARBEITER_ID, URLAUBSANFANG, URLAUBSENDE) values (62, '05-05-2018', '06-06-2018');
insert into URLAUB (MITARBEITER_ID, URLAUBSANFANG, URLAUBSENDE) values (63, '05-05-2018', '06-06-2018');
insert into URLAUB (MITARBEITER_ID, URLAUBSANFANG, URLAUBSENDE) values (64, '05-05-2018', '06-06-2018');
insert into URLAUB (MITARBEITER_ID, URLAUBSANFANG, URLAUBSENDE) values (65, '05-05-2018', '06-06-2018');
insert into URLAUB (MITARBEITER_ID, URLAUBSANFANG, URLAUBSENDE) values (66, '05-05-2018', '06-06-2018');
insert into URLAUB (MITARBEITER_ID, URLAUBSANFANG, URLAUBSENDE) values (67, '05-05-2018', '06-06-2018');
insert into URLAUB (MITARBEITER_ID, URLAUBSANFANG, URLAUBSENDE) values (68, '05-05-2018', '06-06-2018');
insert into URLAUB (MITARBEITER_ID, URLAUBSANFANG, URLAUBSENDE) values (69, '05-05-2018', '06-06-2018');
insert into URLAUB (MITARBEITER_ID, URLAUBSANFANG, URLAUBSENDE) values (70, '05-05-2018', '06-06-2018');
insert into URLAUB (MITARBEITER_ID, URLAUBSANFANG, URLAUBSENDE) values (71, '05-05-2018', '06-06-2018');
insert into URLAUB (MITARBEITER_ID, URLAUBSANFANG, URLAUBSENDE) values (72, '05-05-2018', '06-06-2018');
insert into URLAUB (MITARBEITER_ID, URLAUBSANFANG, URLAUBSENDE) values (73, '05-05-2018', '06-06-2018');
insert into URLAUB (MITARBEITER_ID, URLAUBSANFANG, URLAUBSENDE) values (74, '05-05-2018', '06-06-2018');
insert into URLAUB (MITARBEITER_ID, URLAUBSANFANG, URLAUBSENDE) values (75, '05-05-2018', '06-06-2018');
insert into URLAUB (MITARBEITER_ID, URLAUBSANFANG, URLAUBSENDE) values (76, '05-05-2018', '06-06-2018');
insert into URLAUB (MITARBEITER_ID, URLAUBSANFANG, URLAUBSENDE) values (77, '05-05-2018', '06-06-2018');
insert into URLAUB (MITARBEITER_ID, URLAUBSANFANG, URLAUBSENDE) values (78, '05-05-2018', '06-06-2018');
insert into URLAUB (MITARBEITER_ID, URLAUBSANFANG, URLAUBSENDE) values (79, '05-05-2018', '06-06-2018');
insert into URLAUB (MITARBEITER_ID, URLAUBSANFANG, URLAUBSENDE) values (80, '05-05-2018', '06-06-2018');
insert into URLAUB (MITARBEITER_ID, URLAUBSANFANG, URLAUBSENDE) values (81, '05-05-2018', '06-06-2018');
insert into URLAUB (MITARBEITER_ID, URLAUBSANFANG, URLAUBSENDE) values (82, '05-05-2018', '06-06-2018');
insert into URLAUB (MITARBEITER_ID, URLAUBSANFANG, URLAUBSENDE) values (83, '05-05-2018', '06-06-2018');
insert into URLAUB (MITARBEITER_ID, URLAUBSANFANG, URLAUBSENDE) values (84, '05-05-2018', '06-06-2018');
insert into URLAUB (MITARBEITER_ID, URLAUBSANFANG, URLAUBSENDE) values (85, '05-05-2018', '06-06-2018');
insert into URLAUB (MITARBEITER_ID, URLAUBSANFANG, URLAUBSENDE) values (86, '05-05-2018', '06-06-2018');
insert into URLAUB (MITARBEITER_ID, URLAUBSANFANG, URLAUBSENDE) values (87, '05-05-2018', '06-06-2018');
insert into URLAUB (MITARBEITER_ID, URLAUBSANFANG, URLAUBSENDE) values (88, '05-05-2018', '06-06-2018');
insert into URLAUB (MITARBEITER_ID, URLAUBSANFANG, URLAUBSENDE) values (89, '05-05-2018', '06-06-2018');
insert into URLAUB (MITARBEITER_ID, URLAUBSANFANG, URLAUBSENDE) values (90, '05-05-2018', '06-06-2018');
insert into URLAUB (MITARBEITER_ID, URLAUBSANFANG, URLAUBSENDE) values (91, '05-05-2018', '06-06-2018');
insert into URLAUB (MITARBEITER_ID, URLAUBSANFANG, URLAUBSENDE) values (92, '05-05-2018', '06-06-2018');
insert into URLAUB (MITARBEITER_ID, URLAUBSANFANG, URLAUBSENDE) values (93, '05-05-2018', '06-06-2018');
insert into URLAUB (MITARBEITER_ID, URLAUBSANFANG, URLAUBSENDE) values (94, '05-05-2018', '06-06-2018');
insert into URLAUB (MITARBEITER_ID, URLAUBSANFANG, URLAUBSENDE) values (95, '05-05-2018', '06-06-2018');
insert into URLAUB (MITARBEITER_ID, URLAUBSANFANG, URLAUBSENDE) values (96, '05-05-2018', '06-06-2018');
insert into URLAUB (MITARBEITER_ID, URLAUBSANFANG, URLAUBSENDE) values (97, '05-05-2018', '06-06-2018');
insert into URLAUB (MITARBEITER_ID, URLAUBSANFANG, URLAUBSENDE) values (98, '05-05-2018', '06-06-2018');
insert into URLAUB (MITARBEITER_ID, URLAUBSANFANG, URLAUBSENDE) values (99, '05-05-2018', '06-06-2018');
insert into URLAUB (MITARBEITER_ID, URLAUBSANFANG, URLAUBSENDE) values (100, '05-05-2018', '06-06-2018');